Afghan-baby-boy,Afghan-Toddlerhood-boy,Afghan-young-boy,Afghan-boy,Afghan-teenage-boy,Afghan-young-man,Afghan-middle-aged-man,Afghan-man,Afghan-old-man,Afghan-male,Afghan-male-model,Afghan-male-actor
Albanian-baby-boy,Albanian-Toddlerhood-boy,Albanian-young-boy,Albanian-boy,Albanian-teenage-boy,Albanian-young-man,Albanian-middle-aged-man,Albanian-man,Albanian-old-man,Albanian-male,Albanian-male-model,Albanian-male-actor
Algerian-baby-boy,Algerian-Toddlerhood-boy,Algerian-young-boy,Algerian-boy,Algerian-teenage-boy,Algerian-young-man,Algerian-middle-aged-man,Algerian-man,Algerian-old-man,Algerian-male,Algerian-male-model,Algerian-male-actor
American-baby-boy,American-Toddlerhood-boy,American-young-boy,American-boy,American-teenage-boy,American-young-man,American-middle-aged-man,American-man,American-old-man,American-male,American-male-model,American-male-actor
Andorran-baby-boy,Andorran-Toddlerhood-boy,Andorran-young-boy,Andorran-boy,Andorran-teenage-boy,Andorran-young-man,Andorran-middle-aged-man,Andorran-man,Andorran-old-man,Andorran-male,Andorran-male-model,Andorran-male-actor
Angolan-baby-boy,Angolan-Toddlerhood-boy,Angolan-young-boy,Angolan-boy,Angolan-teenage-boy,Angolan-young-man,Angolan-middle-aged-man,Angolan-man,Angolan-old-man,Angolan-male,Angolan-male-model,Angolan-male-actor
Anguillan-baby-boy,Anguillan-Toddlerhood-boy,Anguillan-young-boy,Anguillan-boy,Anguillan-teenage-boy,Anguillan-young-man,Anguillan-middle-aged-man,Anguillan-man,Anguillan-old-man,Anguillan-male,Anguillan-male-model,Anguillan-male-actor
Argentine-baby-boy,Argentine-Toddlerhood-boy,Argentine-young-boy,Argentine-boy,Argentine-teenage-boy,Argentine-young-man,Argentine-middle-aged-man,Argentine-man,Argentine-old-man,Argentine-male,Argentine-male-model,Argentine-male-actor
Armenian-baby-boy,Armenian-Toddlerhood-boy,Armenian-young-boy,Armenian-boy,Armenian-teenage-boy,Armenian-young-man,Armenian-middle-aged-man,Armenian-man,Armenian-old-man,Armenian-male,Armenian-male-model,Armenian-male-actor
Australian-baby-boy,Australian-Toddlerhood-boy,Australian-young-boy,Australian-boy,Australian-teenage-boy,Australian-young-man,Australian-middle-aged-man,Australian-man,Australian-old-man,Australian-male,Australian-male-model,Australian-male-actor
Austrian-baby-boy,Austrian-Toddlerhood-boy,Austrian-young-boy,Austrian-boy,Austrian-teenage-boy,Austrian-young-man,Austrian-middle-aged-man,Austrian-man,Austrian-old-man,Austrian-male,Austrian-male-model,Austrian-male-actor
Azerbaijani-baby-boy,Azerbaijani-Toddlerhood-boy,Azerbaijani-young-boy,Azerbaijani-boy,Azerbaijani-teenage-boy,Azerbaijani-young-man,Azerbaijani-middle-aged-man,Azerbaijani-man,Azerbaijani-old-man,Azerbaijani-male,Azerbaijani-male-model,Azerbaijani-male-actor
Bahamian-baby-boy,Bahamian-Toddlerhood-boy,Bahamian-young-boy,Bahamian-boy,Bahamian-teenage-boy,Bahamian-young-man,Bahamian-middle-aged-man,Bahamian-man,Bahamian-old-man,Bahamian-male,Bahamian-male-model,Bahamian-male-actor
Bahraini-baby-boy,Bahraini-Toddlerhood-boy,Bahraini-young-boy,Bahraini-boy,Bahraini-teenage-boy,Bahraini-young-man,Bahraini-middle-aged-man,Bahraini-man,Bahraini-old-man,Bahraini-male,Bahraini-male-model,Bahraini-male-actor
Bangladeshi-baby-boy,Bangladeshi-Toddlerhood-boy,Bangladeshi-young-boy,Bangladeshi-boy,Bangladeshi-teenage-boy,Bangladeshi-young-man,Bangladeshi-middle-aged-man,Bangladeshi-man,Bangladeshi-old-man,Bangladeshi-male,Bangladeshi-male-model,Bangladeshi-male-actor
Barbadian-baby-boy,Barbadian-Toddlerhood-boy,Barbadian-young-boy,Barbadian-boy,Barbadian-teenage-boy,Barbadian-young-man,Barbadian-middle-aged-man,Barbadian-man,Barbadian-old-man,Barbadian-male,Barbadian-male-model,Barbadian-male-actor
Belarusian-baby-boy,Belarusian-Toddlerhood-boy,Belarusian-young-boy,Belarusian-boy,Belarusian-teenage-boy,Belarusian-young-man,Belarusian-middle-aged-man,Belarusian-man,Belarusian-old-man,Belarusian-male,Belarusian-male-model,Belarusian-male-actor
Belgian-baby-boy,Belgian-Toddlerhood-boy,Belgian-young-boy,Belgian-boy,Belgian-teenage-boy,Belgian-young-man,Belgian-middle-aged-man,Belgian-man,Belgian-old-man,Belgian-male,Belgian-male-model,Belgian-male-actor
Belizean-baby-boy,Belizean-Toddlerhood-boy,Belizean-young-boy,Belizean-boy,Belizean-teenage-boy,Belizean-young-man,Belizean-middle-aged-man,Belizean-man,Belizean-old-man,Belizean-male,Belizean-male-model,Belizean-male-actor
Beninese-baby-boy,Beninese-Toddlerhood-boy,Beninese-young-boy,Beninese-boy,Beninese-teenage-boy,Beninese-young-man,Beninese-middle-aged-man,Beninese-man,Beninese-old-man,Beninese-male,Beninese-male-model,Beninese-male-actor
Bermudian-baby-boy,Bermudian-Toddlerhood-boy,Bermudian-young-boy,Bermudian-boy,Bermudian-teenage-boy,Bermudian-young-man,Bermudian-middle-aged-man,Bermudian-man,Bermudian-old-man,Bermudian-male,Bermudian-male-model,Bermudian-male-actor
Bhutanese-baby-boy,Bhutanese-Toddlerhood-boy,Bhutanese-young-boy,Bhutanese-boy,Bhutanese-teenage-boy,Bhutanese-young-man,Bhutanese-middle-aged-man,Bhutanese-man,Bhutanese-old-man,Bhutanese-male,Bhutanese-male-model,Bhutanese-male-actor
Bolivian-baby-boy,Bolivian-Toddlerhood-boy,Bolivian-young-boy,Bolivian-boy,Bolivian-teenage-boy,Bolivian-young-man,Bolivian-middle-aged-man,Bolivian-man,Bolivian-old-man,Bolivian-male,Bolivian-male-model,Bolivian-male-actor
Botswanan-baby-boy,Botswanan-Toddlerhood-boy,Botswanan-young-boy,Botswanan-boy,Botswanan-teenage-boy,Botswanan-young-man,Botswanan-middle-aged-man,Botswanan-man,Botswanan-old-man,Botswanan-male,Botswanan-male-model,Botswanan-male-actor
Brazilian-baby-boy,Brazilian-Toddlerhood-boy,Brazilian-young-boy,Brazilian-boy,Brazilian-teenage-boy,Brazilian-young-man,Brazilian-middle-aged-man,Brazilian-man,Brazilian-old-man,Brazilian-male,Brazilian-male-model,Brazilian-male-actor
British-baby-boy,British-Toddlerhood-boy,British-young-boy,British-boy,British-teenage-boy,British-young-man,British-middle-aged-man,British-man,British-old-man,British-male,British-male-model,British-male-actor
British Virgin Islander-baby-boy,British Virgin Islander-Toddlerhood-boy,British Virgin Islander-young-boy,British Virgin Islander-boy,British Virgin Islander-teenage-boy,British Virgin Islander-young-man,British Virgin Islander-middle-aged-man,British Virgin Islander-man,British Virgin Islander-old-man,British Virgin Islander-male,British Virgin Islander-male-model,British Virgin Islander-male-actor
Bruneian-baby-boy,Bruneian-Toddlerhood-boy,Bruneian-young-boy,Bruneian-boy,Bruneian-teenage-boy,Bruneian-young-man,Bruneian-middle-aged-man,Bruneian-man,Bruneian-old-man,Bruneian-male,Bruneian-male-model,Bruneian-male-actor
Bulgarian-baby-boy,Bulgarian-Toddlerhood-boy,Bulgarian-young-boy,Bulgarian-boy,Bulgarian-teenage-boy,Bulgarian-young-man,Bulgarian-middle-aged-man,Bulgarian-man,Bulgarian-old-man,Bulgarian-male,Bulgarian-male-model,Bulgarian-male-actor
Burkinan-baby-boy,Burkinan-Toddlerhood-boy,Burkinan-young-boy,Burkinan-boy,Burkinan-teenage-boy,Burkinan-young-man,Burkinan-middle-aged-man,Burkinan-man,Burkinan-old-man,Burkinan-male,Burkinan-male-model,Burkinan-male-actor
Burmese-baby-boy,Burmese-Toddlerhood-boy,Burmese-young-boy,Burmese-boy,Burmese-teenage-boy,Burmese-young-man,Burmese-middle-aged-man,Burmese-man,Burmese-old-man,Burmese-male,Burmese-male-model,Burmese-male-actor
Burundian-baby-boy,Burundian-Toddlerhood-boy,Burundian-young-boy,Burundian-boy,Burundian-teenage-boy,Burundian-young-man,Burundian-middle-aged-man,Burundian-man,Burundian-old-man,Burundian-male,Burundian-male-model,Burundian-male-actor
Cambodian-baby-boy,Cambodian-Toddlerhood-boy,Cambodian-young-boy,Cambodian-boy,Cambodian-teenage-boy,Cambodian-young-man,Cambodian-middle-aged-man,Cambodian-man,Cambodian-old-man,Cambodian-male,Cambodian-male-model,Cambodian-male-actor
Cameroonian-baby-boy,Cameroonian-Toddlerhood-boy,Cameroonian-young-boy,Cameroonian-boy,Cameroonian-teenage-boy,Cameroonian-young-man,Cameroonian-middle-aged-man,Cameroonian-man,Cameroonian-old-man,Cameroonian-male,Cameroonian-male-model,Cameroonian-male-actor
Canadian-baby-boy,Canadian-Toddlerhood-boy,Canadian-young-boy,Canadian-boy,Canadian-teenage-boy,Canadian-young-man,Canadian-middle-aged-man,Canadian-man,Canadian-old-man,Canadian-male,Canadian-male-model,Canadian-male-actor
Cape Verdean-baby-boy,Cape Verdean-Toddlerhood-boy,Cape Verdean-young-boy,Cape Verdean-boy,Cape Verdean-teenage-boy,Cape Verdean-young-man,Cape Verdean-middle-aged-man,Cape Verdean-man,Cape Verdean-old-man,Cape Verdean-male,Cape Verdean-male-model,Cape Verdean-male-actor
Cayman Islander-baby-boy,Cayman Islander-Toddlerhood-boy,Cayman Islander-young-boy,Cayman Islander-boy,Cayman Islander-teenage-boy,Cayman Islander-young-man,Cayman Islander-middle-aged-man,Cayman Islander-man,Cayman Islander-old-man,Cayman Islander-male,Cayman Islander-male-model,Cayman Islander-male-actor
Central African-baby-boy,Central African-Toddlerhood-boy,Central African-young-boy,Central African-boy,Central African-teenage-boy,Central African-young-man,Central African-middle-aged-man,Central African-man,Central African-old-man,Central African-male,Central African-male-model,Central African-male-actor
Chadian-baby-boy,Chadian-Toddlerhood-boy,Chadian-young-boy,Chadian-boy,Chadian-teenage-boy,Chadian-young-man,Chadian-middle-aged-man,Chadian-man,Chadian-old-man,Chadian-male,Chadian-male-model,Chadian-male-actor
Chilean-baby-boy,Chilean-Toddlerhood-boy,Chilean-young-boy,Chilean-boy,Chilean-teenage-boy,Chilean-young-man,Chilean-middle-aged-man,Chilean-man,Chilean-old-man,Chilean-male,Chilean-male-model,Chilean-male-actor
Chinese-baby-boy,Chinese-Toddlerhood-boy,Chinese-young-boy,Chinese-boy,Chinese-teenage-boy,Chinese-young-man,Chinese-middle-aged-man,Chinese-man,Chinese-old-man,Chinese-male,Chinese-male-model,Chinese-male-actor
Citizen of Antigua and Barbuda-baby-boy,Citizen of Antigua and Barbuda-Toddlerhood-boy,Citizen of Antigua and Barbuda-young-boy,Citizen of Antigua and Barbuda-boy,Citizen of Antigua and Barbuda-teenage-boy,Citizen of Antigua and Barbuda-young-man,Citizen of Antigua and Barbuda-middle-aged-man,Citizen of Antigua and Barbuda-man,Citizen of Antigua and Barbuda-old-man,Citizen of Antigua and Barbuda-male,Citizen of Antigua and Barbuda-male-model,Citizen of Antigua and Barbuda-male-actor
Citizen of Bosnia and Herzegovina-baby-boy,Citizen of Bosnia and Herzegovina-Toddlerhood-boy,Citizen of Bosnia and Herzegovina-young-boy,Citizen of Bosnia and Herzegovina-boy,Citizen of Bosnia and Herzegovina-teenage-boy,Citizen of Bosnia and Herzegovina-young-man,Citizen of Bosnia and Herzegovina-middle-aged-man,Citizen of Bosnia and Herzegovina-man,Citizen of Bosnia and Herzegovina-old-man,Citizen of Bosnia and Herzegovina-male,Citizen of Bosnia and Herzegovina-male-model,Citizen of Bosnia and Herzegovina-male-actor
Citizen of Guinea-Bissau-baby-boy,Citizen of Guinea-Bissau-Toddlerhood-boy,Citizen of Guinea-Bissau-young-boy,Citizen of Guinea-Bissau-boy,Citizen of Guinea-Bissau-teenage-boy,Citizen of Guinea-Bissau-young-man,Citizen of Guinea-Bissau-middle-aged-man,Citizen of Guinea-Bissau-man,Citizen of Guinea-Bissau-old-man,Citizen of Guinea-Bissau-male,Citizen of Guinea-Bissau-male-model,Citizen of Guinea-Bissau-male-actor
Citizen of Kiribati-baby-boy,Citizen of Kiribati-Toddlerhood-boy,Citizen of Kiribati-young-boy,Citizen of Kiribati-boy,Citizen of Kiribati-teenage-boy,Citizen of Kiribati-young-man,Citizen of Kiribati-middle-aged-man,Citizen of Kiribati-man,Citizen of Kiribati-old-man,Citizen of Kiribati-male,Citizen of Kiribati-male-model,Citizen of Kiribati-male-actor
Citizen of Seychelles-baby-boy,Citizen of Seychelles-Toddlerhood-boy,Citizen of Seychelles-young-boy,Citizen of Seychelles-boy,Citizen of Seychelles-teenage-boy,Citizen of Seychelles-young-man,Citizen of Seychelles-middle-aged-man,Citizen of Seychelles-man,Citizen of Seychelles-old-man,Citizen of Seychelles-male,Citizen of Seychelles-male-model,Citizen of Seychelles-male-actor
Citizen of the Dominican Republic-baby-boy,Citizen of the Dominican Republic-Toddlerhood-boy,Citizen of the Dominican Republic-young-boy,Citizen of the Dominican Republic-boy,Citizen of the Dominican Republic-teenage-boy,Citizen of the Dominican Republic-young-man,Citizen of the Dominican Republic-middle-aged-man,Citizen of the Dominican Republic-man,Citizen of the Dominican Republic-old-man,Citizen of the Dominican Republic-male,Citizen of the Dominican Republic-male-model,Citizen of the Dominican Republic-male-actor
Citizen of Vanuatu -baby-boy,Citizen of Vanuatu -Toddlerhood-boy,Citizen of Vanuatu -young-boy,Citizen of Vanuatu -boy,Citizen of Vanuatu -teenage-boy,Citizen of Vanuatu -young-man,Citizen of Vanuatu -middle-aged-man,Citizen of Vanuatu -man,Citizen of Vanuatu -old-man,Citizen of Vanuatu -male,Citizen of Vanuatu -male-model,Citizen of Vanuatu -male-actor
Colombian-baby-boy,Colombian-Toddlerhood-boy,Colombian-young-boy,Colombian-boy,Colombian-teenage-boy,Colombian-young-man,Colombian-middle-aged-man,Colombian-man,Colombian-old-man,Colombian-male,Colombian-male-model,Colombian-male-actor
Comoran-baby-boy,Comoran-Toddlerhood-boy,Comoran-young-boy,Comoran-boy,Comoran-teenage-boy,Comoran-young-man,Comoran-middle-aged-man,Comoran-man,Comoran-old-man,Comoran-male,Comoran-male-model,Comoran-male-actor
Congolese (Congo)-baby-boy,Congolese (Congo)-Toddlerhood-boy,Congolese (Congo)-young-boy,Congolese (Congo)-boy,Congolese (Congo)-teenage-boy,Congolese (Congo)-young-man,Congolese (Congo)-middle-aged-man,Congolese (Congo)-man,Congolese (Congo)-old-man,Congolese (Congo)-male,Congolese (Congo)-male-model,Congolese (Congo)-male-actor
Congolese (DRC)-baby-boy,Congolese (DRC)-Toddlerhood-boy,Congolese (DRC)-young-boy,Congolese (DRC)-boy,Congolese (DRC)-teenage-boy,Congolese (DRC)-young-man,Congolese (DRC)-middle-aged-man,Congolese (DRC)-man,Congolese (DRC)-old-man,Congolese (DRC)-male,Congolese (DRC)-male-model,Congolese (DRC)-male-actor
Cook Islander-baby-boy,Cook Islander-Toddlerhood-boy,Cook Islander-young-boy,Cook Islander-boy,Cook Islander-teenage-boy,Cook Islander-young-man,Cook Islander-middle-aged-man,Cook Islander-man,Cook Islander-old-man,Cook Islander-male,Cook Islander-male-model,Cook Islander-male-actor
Costa Rican-baby-boy,Costa Rican-Toddlerhood-boy,Costa Rican-young-boy,Costa Rican-boy,Costa Rican-teenage-boy,Costa Rican-young-man,Costa Rican-middle-aged-man,Costa Rican-man,Costa Rican-old-man,Costa Rican-male,Costa Rican-male-model,Costa Rican-male-actor
Croatian-baby-boy,Croatian-Toddlerhood-boy,Croatian-young-boy,Croatian-boy,Croatian-teenage-boy,Croatian-young-man,Croatian-middle-aged-man,Croatian-man,Croatian-old-man,Croatian-male,Croatian-male-model,Croatian-male-actor
Cuban-baby-boy,Cuban-Toddlerhood-boy,Cuban-young-boy,Cuban-boy,Cuban-teenage-boy,Cuban-young-man,Cuban-middle-aged-man,Cuban-man,Cuban-old-man,Cuban-male,Cuban-male-model,Cuban-male-actor
Cymraes-baby-boy,Cymraes-Toddlerhood-boy,Cymraes-young-boy,Cymraes-boy,Cymraes-teenage-boy,Cymraes-young-man,Cymraes-middle-aged-man,Cymraes-man,Cymraes-old-man,Cymraes-male,Cymraes-male-model,Cymraes-male-actor
Cymro-baby-boy,Cymro-Toddlerhood-boy,Cymro-young-boy,Cymro-boy,Cymro-teenage-boy,Cymro-young-man,Cymro-middle-aged-man,Cymro-man,Cymro-old-man,Cymro-male,Cymro-male-model,Cymro-male-actor
Cypriot-baby-boy,Cypriot-Toddlerhood-boy,Cypriot-young-boy,Cypriot-boy,Cypriot-teenage-boy,Cypriot-young-man,Cypriot-middle-aged-man,Cypriot-man,Cypriot-old-man,Cypriot-male,Cypriot-male-model,Cypriot-male-actor
Czech-baby-boy,Czech-Toddlerhood-boy,Czech-young-boy,Czech-boy,Czech-teenage-boy,Czech-young-man,Czech-middle-aged-man,Czech-man,Czech-old-man,Czech-male,Czech-male-model,Czech-male-actor
Danish-baby-boy,Danish-Toddlerhood-boy,Danish-young-boy,Danish-boy,Danish-teenage-boy,Danish-young-man,Danish-middle-aged-man,Danish-man,Danish-old-man,Danish-male,Danish-male-model,Danish-male-actor
Djiboutian-baby-boy,Djiboutian-Toddlerhood-boy,Djiboutian-young-boy,Djiboutian-boy,Djiboutian-teenage-boy,Djiboutian-young-man,Djiboutian-middle-aged-man,Djiboutian-man,Djiboutian-old-man,Djiboutian-male,Djiboutian-male-model,Djiboutian-male-actor
Dominican-baby-boy,Dominican-Toddlerhood-boy,Dominican-young-boy,Dominican-boy,Dominican-teenage-boy,Dominican-young-man,Dominican-middle-aged-man,Dominican-man,Dominican-old-man,Dominican-male,Dominican-male-model,Dominican-male-actor
Dutch-baby-boy,Dutch-Toddlerhood-boy,Dutch-young-boy,Dutch-boy,Dutch-teenage-boy,Dutch-young-man,Dutch-middle-aged-man,Dutch-man,Dutch-old-man,Dutch-male,Dutch-male-model,Dutch-male-actor
East Timorese-baby-boy,East Timorese-Toddlerhood-boy,East Timorese-young-boy,East Timorese-boy,East Timorese-teenage-boy,East Timorese-young-man,East Timorese-middle-aged-man,East Timorese-man,East Timorese-old-man,East Timorese-male,East Timorese-male-model,East Timorese-male-actor
Ecuadorean-baby-boy,Ecuadorean-Toddlerhood-boy,Ecuadorean-young-boy,Ecuadorean-boy,Ecuadorean-teenage-boy,Ecuadorean-young-man,Ecuadorean-middle-aged-man,Ecuadorean-man,Ecuadorean-old-man,Ecuadorean-male,Ecuadorean-male-model,Ecuadorean-male-actor
Egyptian-baby-boy,Egyptian-Toddlerhood-boy,Egyptian-young-boy,Egyptian-boy,Egyptian-teenage-boy,Egyptian-young-man,Egyptian-middle-aged-man,Egyptian-man,Egyptian-old-man,Egyptian-male,Egyptian-male-model,Egyptian-male-actor
Emirati-baby-boy,Emirati-Toddlerhood-boy,Emirati-young-boy,Emirati-boy,Emirati-teenage-boy,Emirati-young-man,Emirati-middle-aged-man,Emirati-man,Emirati-old-man,Emirati-male,Emirati-male-model,Emirati-male-actor
English-baby-boy,English-Toddlerhood-boy,English-young-boy,English-boy,English-teenage-boy,English-young-man,English-middle-aged-man,English-man,English-old-man,English-male,English-male-model,English-male-actor
Equatorial Guinean-baby-boy,Equatorial Guinean-Toddlerhood-boy,Equatorial Guinean-young-boy,Equatorial Guinean-boy,Equatorial Guinean-teenage-boy,Equatorial Guinean-young-man,Equatorial Guinean-middle-aged-man,Equatorial Guinean-man,Equatorial Guinean-old-man,Equatorial Guinean-male,Equatorial Guinean-male-model,Equatorial Guinean-male-actor
Eritrean-baby-boy,Eritrean-Toddlerhood-boy,Eritrean-young-boy,Eritrean-boy,Eritrean-teenage-boy,Eritrean-young-man,Eritrean-middle-aged-man,Eritrean-man,Eritrean-old-man,Eritrean-male,Eritrean-male-model,Eritrean-male-actor
Estonian-baby-boy,Estonian-Toddlerhood-boy,Estonian-young-boy,Estonian-boy,Estonian-teenage-boy,Estonian-young-man,Estonian-middle-aged-man,Estonian-man,Estonian-old-man,Estonian-male,Estonian-male-model,Estonian-male-actor
Ethiopian-baby-boy,Ethiopian-Toddlerhood-boy,Ethiopian-young-boy,Ethiopian-boy,Ethiopian-teenage-boy,Ethiopian-young-man,Ethiopian-middle-aged-man,Ethiopian-man,Ethiopian-old-man,Ethiopian-male,Ethiopian-male-model,Ethiopian-male-actor
Faroese-baby-boy,Faroese-Toddlerhood-boy,Faroese-young-boy,Faroese-boy,Faroese-teenage-boy,Faroese-young-man,Faroese-middle-aged-man,Faroese-man,Faroese-old-man,Faroese-male,Faroese-male-model,Faroese-male-actor
Fijian-baby-boy,Fijian-Toddlerhood-boy,Fijian-young-boy,Fijian-boy,Fijian-teenage-boy,Fijian-young-man,Fijian-middle-aged-man,Fijian-man,Fijian-old-man,Fijian-male,Fijian-male-model,Fijian-male-actor
Filipino-baby-boy,Filipino-Toddlerhood-boy,Filipino-young-boy,Filipino-boy,Filipino-teenage-boy,Filipino-young-man,Filipino-middle-aged-man,Filipino-man,Filipino-old-man,Filipino-male,Filipino-male-model,Filipino-male-actor
Finnish-baby-boy,Finnish-Toddlerhood-boy,Finnish-young-boy,Finnish-boy,Finnish-teenage-boy,Finnish-young-man,Finnish-middle-aged-man,Finnish-man,Finnish-old-man,Finnish-male,Finnish-male-model,Finnish-male-actor
French-baby-boy,French-Toddlerhood-boy,French-young-boy,French-boy,French-teenage-boy,French-young-man,French-middle-aged-man,French-man,French-old-man,French-male,French-male-model,French-male-actor
Gabonese-baby-boy,Gabonese-Toddlerhood-boy,Gabonese-young-boy,Gabonese-boy,Gabonese-teenage-boy,Gabonese-young-man,Gabonese-middle-aged-man,Gabonese-man,Gabonese-old-man,Gabonese-male,Gabonese-male-model,Gabonese-male-actor
Gambian-baby-boy,Gambian-Toddlerhood-boy,Gambian-young-boy,Gambian-boy,Gambian-teenage-boy,Gambian-young-man,Gambian-middle-aged-man,Gambian-man,Gambian-old-man,Gambian-male,Gambian-male-model,Gambian-male-actor
Georgian-baby-boy,Georgian-Toddlerhood-boy,Georgian-young-boy,Georgian-boy,Georgian-teenage-boy,Georgian-young-man,Georgian-middle-aged-man,Georgian-man,Georgian-old-man,Georgian-male,Georgian-male-model,Georgian-male-actor
German-baby-boy,German-Toddlerhood-boy,German-young-boy,German-boy,German-teenage-boy,German-young-man,German-middle-aged-man,German-man,German-old-man,German-male,German-male-model,German-male-actor
Ghanaian-baby-boy,Ghanaian-Toddlerhood-boy,Ghanaian-young-boy,Ghanaian-boy,Ghanaian-teenage-boy,Ghanaian-young-man,Ghanaian-middle-aged-man,Ghanaian-man,Ghanaian-old-man,Ghanaian-male,Ghanaian-male-model,Ghanaian-male-actor
Gibraltarian-baby-boy,Gibraltarian-Toddlerhood-boy,Gibraltarian-young-boy,Gibraltarian-boy,Gibraltarian-teenage-boy,Gibraltarian-young-man,Gibraltarian-middle-aged-man,Gibraltarian-man,Gibraltarian-old-man,Gibraltarian-male,Gibraltarian-male-model,Gibraltarian-male-actor
Greek-baby-boy,Greek-Toddlerhood-boy,Greek-young-boy,Greek-boy,Greek-teenage-boy,Greek-young-man,Greek-middle-aged-man,Greek-man,Greek-old-man,Greek-male,Greek-male-model,Greek-male-actor
Greenlandic-baby-boy,Greenlandic-Toddlerhood-boy,Greenlandic-young-boy,Greenlandic-boy,Greenlandic-teenage-boy,Greenlandic-young-man,Greenlandic-middle-aged-man,Greenlandic-man,Greenlandic-old-man,Greenlandic-male,Greenlandic-male-model,Greenlandic-male-actor
Grenadian-baby-boy,Grenadian-Toddlerhood-boy,Grenadian-young-boy,Grenadian-boy,Grenadian-teenage-boy,Grenadian-young-man,Grenadian-middle-aged-man,Grenadian-man,Grenadian-old-man,Grenadian-male,Grenadian-male-model,Grenadian-male-actor
Guamanian-baby-boy,Guamanian-Toddlerhood-boy,Guamanian-young-boy,Guamanian-boy,Guamanian-teenage-boy,Guamanian-young-man,Guamanian-middle-aged-man,Guamanian-man,Guamanian-old-man,Guamanian-male,Guamanian-male-model,Guamanian-male-actor
Guatemalan-baby-boy,Guatemalan-Toddlerhood-boy,Guatemalan-young-boy,Guatemalan-boy,Guatemalan-teenage-boy,Guatemalan-young-man,Guatemalan-middle-aged-man,Guatemalan-man,Guatemalan-old-man,Guatemalan-male,Guatemalan-male-model,Guatemalan-male-actor
Guinean-baby-boy,Guinean-Toddlerhood-boy,Guinean-young-boy,Guinean-boy,Guinean-teenage-boy,Guinean-young-man,Guinean-middle-aged-man,Guinean-man,Guinean-old-man,Guinean-male,Guinean-male-model,Guinean-male-actor
Guyanese-baby-boy,Guyanese-Toddlerhood-boy,Guyanese-young-boy,Guyanese-boy,Guyanese-teenage-boy,Guyanese-young-man,Guyanese-middle-aged-man,Guyanese-man,Guyanese-old-man,Guyanese-male,Guyanese-male-model,Guyanese-male-actor
Haitian-baby-boy,Haitian-Toddlerhood-boy,Haitian-young-boy,Haitian-boy,Haitian-teenage-boy,Haitian-young-man,Haitian-middle-aged-man,Haitian-man,Haitian-old-man,Haitian-male,Haitian-male-model,Haitian-male-actor
Honduran-baby-boy,Honduran-Toddlerhood-boy,Honduran-young-boy,Honduran-boy,Honduran-teenage-boy,Honduran-young-man,Honduran-middle-aged-man,Honduran-man,Honduran-old-man,Honduran-male,Honduran-male-model,Honduran-male-actor
Hong Konger-baby-boy,Hong Konger-Toddlerhood-boy,Hong Konger-young-boy,Hong Konger-boy,Hong Konger-teenage-boy,Hong Konger-young-man,Hong Konger-middle-aged-man,Hong Konger-man,Hong Konger-old-man,Hong Konger-male,Hong Konger-male-model,Hong Konger-male-actor
Hungarian-baby-boy,Hungarian-Toddlerhood-boy,Hungarian-young-boy,Hungarian-boy,Hungarian-teenage-boy,Hungarian-young-man,Hungarian-middle-aged-man,Hungarian-man,Hungarian-old-man,Hungarian-male,Hungarian-male-model,Hungarian-male-actor
Icelandic-baby-boy,Icelandic-Toddlerhood-boy,Icelandic-young-boy,Icelandic-boy,Icelandic-teenage-boy,Icelandic-young-man,Icelandic-middle-aged-man,Icelandic-man,Icelandic-old-man,Icelandic-male,Icelandic-male-model,Icelandic-male-actor
Indian-baby-boy,Indian-Toddlerhood-boy,Indian-young-boy,Indian-boy,Indian-teenage-boy,Indian-young-man,Indian-middle-aged-man,Indian-man,Indian-old-man,Indian-male,Indian-male-model,Indian-male-actor
Indonesian-baby-boy,Indonesian-Toddlerhood-boy,Indonesian-young-boy,Indonesian-boy,Indonesian-teenage-boy,Indonesian-young-man,Indonesian-middle-aged-man,Indonesian-man,Indonesian-old-man,Indonesian-male,Indonesian-male-model,Indonesian-male-actor
Iranian-baby-boy,Iranian-Toddlerhood-boy,Iranian-young-boy,Iranian-boy,Iranian-teenage-boy,Iranian-young-man,Iranian-middle-aged-man,Iranian-man,Iranian-old-man,Iranian-male,Iranian-male-model,Iranian-male-actor
Iraqi-baby-boy,Iraqi-Toddlerhood-boy,Iraqi-young-boy,Iraqi-boy,Iraqi-teenage-boy,Iraqi-young-man,Iraqi-middle-aged-man,Iraqi-man,Iraqi-old-man,Iraqi-male,Iraqi-male-model,Iraqi-male-actor
Irish-baby-boy,Irish-Toddlerhood-boy,Irish-young-boy,Irish-boy,Irish-teenage-boy,Irish-young-man,Irish-middle-aged-man,Irish-man,Irish-old-man,Irish-male,Irish-male-model,Irish-male-actor
Israeli-baby-boy,Israeli-Toddlerhood-boy,Israeli-young-boy,Israeli-boy,Israeli-teenage-boy,Israeli-young-man,Israeli-middle-aged-man,Israeli-man,Israeli-old-man,Israeli-male,Israeli-male-model,Israeli-male-actor
Italian-baby-boy,Italian-Toddlerhood-boy,Italian-young-boy,Italian-boy,Italian-teenage-boy,Italian-young-man,Italian-middle-aged-man,Italian-man,Italian-old-man,Italian-male,Italian-male-model,Italian-male-actor
Ivorian-baby-boy,Ivorian-Toddlerhood-boy,Ivorian-young-boy,Ivorian-boy,Ivorian-teenage-boy,Ivorian-young-man,Ivorian-middle-aged-man,Ivorian-man,Ivorian-old-man,Ivorian-male,Ivorian-male-model,Ivorian-male-actor
Jamaican-baby-boy,Jamaican-Toddlerhood-boy,Jamaican-young-boy,Jamaican-boy,Jamaican-teenage-boy,Jamaican-young-man,Jamaican-middle-aged-man,Jamaican-man,Jamaican-old-man,Jamaican-male,Jamaican-male-model,Jamaican-male-actor
Japanese-baby-boy,Japanese-Toddlerhood-boy,Japanese-young-boy,Japanese-boy,Japanese-teenage-boy,Japanese-young-man,Japanese-middle-aged-man,Japanese-man,Japanese-old-man,Japanese-male,Japanese-male-model,Japanese-male-actor
Jordanian-baby-boy,Jordanian-Toddlerhood-boy,Jordanian-young-boy,Jordanian-boy,Jordanian-teenage-boy,Jordanian-young-man,Jordanian-middle-aged-man,Jordanian-man,Jordanian-old-man,Jordanian-male,Jordanian-male-model,Jordanian-male-actor
Kazakh-baby-boy,Kazakh-Toddlerhood-boy,Kazakh-young-boy,Kazakh-boy,Kazakh-teenage-boy,Kazakh-young-man,Kazakh-middle-aged-man,Kazakh-man,Kazakh-old-man,Kazakh-male,Kazakh-male-model,Kazakh-male-actor
Kenyan-baby-boy,Kenyan-Toddlerhood-boy,Kenyan-young-boy,Kenyan-boy,Kenyan-teenage-boy,Kenyan-young-man,Kenyan-middle-aged-man,Kenyan-man,Kenyan-old-man,Kenyan-male,Kenyan-male-model,Kenyan-male-actor
Kittitian-baby-boy,Kittitian-Toddlerhood-boy,Kittitian-young-boy,Kittitian-boy,Kittitian-teenage-boy,Kittitian-young-man,Kittitian-middle-aged-man,Kittitian-man,Kittitian-old-man,Kittitian-male,Kittitian-male-model,Kittitian-male-actor
Kosovan-baby-boy,Kosovan-Toddlerhood-boy,Kosovan-young-boy,Kosovan-boy,Kosovan-teenage-boy,Kosovan-young-man,Kosovan-middle-aged-man,Kosovan-man,Kosovan-old-man,Kosovan-male,Kosovan-male-model,Kosovan-male-actor
Kuwaiti-baby-boy,Kuwaiti-Toddlerhood-boy,Kuwaiti-young-boy,Kuwaiti-boy,Kuwaiti-teenage-boy,Kuwaiti-young-man,Kuwaiti-middle-aged-man,Kuwaiti-man,Kuwaiti-old-man,Kuwaiti-male,Kuwaiti-male-model,Kuwaiti-male-actor
Kyrgyz-baby-boy,Kyrgyz-Toddlerhood-boy,Kyrgyz-young-boy,Kyrgyz-boy,Kyrgyz-teenage-boy,Kyrgyz-young-man,Kyrgyz-middle-aged-man,Kyrgyz-man,Kyrgyz-old-man,Kyrgyz-male,Kyrgyz-male-model,Kyrgyz-male-actor
Lao-baby-boy,Lao-Toddlerhood-boy,Lao-young-boy,Lao-boy,Lao-teenage-boy,Lao-young-man,Lao-middle-aged-man,Lao-man,Lao-old-man,Lao-male,Lao-male-model,Lao-male-actor
Latvian-baby-boy,Latvian-Toddlerhood-boy,Latvian-young-boy,Latvian-boy,Latvian-teenage-boy,Latvian-young-man,Latvian-middle-aged-man,Latvian-man,Latvian-old-man,Latvian-male,Latvian-male-model,Latvian-male-actor
Lebanese-baby-boy,Lebanese-Toddlerhood-boy,Lebanese-young-boy,Lebanese-boy,Lebanese-teenage-boy,Lebanese-young-man,Lebanese-middle-aged-man,Lebanese-man,Lebanese-old-man,Lebanese-male,Lebanese-male-model,Lebanese-male-actor
Liberian-baby-boy,Liberian-Toddlerhood-boy,Liberian-young-boy,Liberian-boy,Liberian-teenage-boy,Liberian-young-man,Liberian-middle-aged-man,Liberian-man,Liberian-old-man,Liberian-male,Liberian-male-model,Liberian-male-actor
Libyan-baby-boy,Libyan-Toddlerhood-boy,Libyan-young-boy,Libyan-boy,Libyan-teenage-boy,Libyan-young-man,Libyan-middle-aged-man,Libyan-man,Libyan-old-man,Libyan-male,Libyan-male-model,Libyan-male-actor
Liechtenstein citizen-baby-boy,Liechtenstein citizen-Toddlerhood-boy,Liechtenstein citizen-young-boy,Liechtenstein citizen-boy,Liechtenstein citizen-teenage-boy,Liechtenstein citizen-young-man,Liechtenstein citizen-middle-aged-man,Liechtenstein citizen-man,Liechtenstein citizen-old-man,Liechtenstein citizen-male,Liechtenstein citizen-male-model,Liechtenstein citizen-male-actor
Lithuanian-baby-boy,Lithuanian-Toddlerhood-boy,Lithuanian-young-boy,Lithuanian-boy,Lithuanian-teenage-boy,Lithuanian-young-man,Lithuanian-middle-aged-man,Lithuanian-man,Lithuanian-old-man,Lithuanian-male,Lithuanian-male-model,Lithuanian-male-actor
Luxembourger-baby-boy,Luxembourger-Toddlerhood-boy,Luxembourger-young-boy,Luxembourger-boy,Luxembourger-teenage-boy,Luxembourger-young-man,Luxembourger-middle-aged-man,Luxembourger-man,Luxembourger-old-man,Luxembourger-male,Luxembourger-male-model,Luxembourger-male-actor
Macanese-baby-boy,Macanese-Toddlerhood-boy,Macanese-young-boy,Macanese-boy,Macanese-teenage-boy,Macanese-young-man,Macanese-middle-aged-man,Macanese-man,Macanese-old-man,Macanese-male,Macanese-male-model,Macanese-male-actor
Macedonian-baby-boy,Macedonian-Toddlerhood-boy,Macedonian-young-boy,Macedonian-boy,Macedonian-teenage-boy,Macedonian-young-man,Macedonian-middle-aged-man,Macedonian-man,Macedonian-old-man,Macedonian-male,Macedonian-male-model,Macedonian-male-actor
Malagasy-baby-boy,Malagasy-Toddlerhood-boy,Malagasy-young-boy,Malagasy-boy,Malagasy-teenage-boy,Malagasy-young-man,Malagasy-middle-aged-man,Malagasy-man,Malagasy-old-man,Malagasy-male,Malagasy-male-model,Malagasy-male-actor
Malawian-baby-boy,Malawian-Toddlerhood-boy,Malawian-young-boy,Malawian-boy,Malawian-teenage-boy,Malawian-young-man,Malawian-middle-aged-man,Malawian-man,Malawian-old-man,Malawian-male,Malawian-male-model,Malawian-male-actor
Malaysian-baby-boy,Malaysian-Toddlerhood-boy,Malaysian-young-boy,Malaysian-boy,Malaysian-teenage-boy,Malaysian-young-man,Malaysian-middle-aged-man,Malaysian-man,Malaysian-old-man,Malaysian-male,Malaysian-male-model,Malaysian-male-actor
Maldivian-baby-boy,Maldivian-Toddlerhood-boy,Maldivian-young-boy,Maldivian-boy,Maldivian-teenage-boy,Maldivian-young-man,Maldivian-middle-aged-man,Maldivian-man,Maldivian-old-man,Maldivian-male,Maldivian-male-model,Maldivian-male-actor
Malian-baby-boy,Malian-Toddlerhood-boy,Malian-young-boy,Malian-boy,Malian-teenage-boy,Malian-young-man,Malian-middle-aged-man,Malian-man,Malian-old-man,Malian-male,Malian-male-model,Malian-male-actor
Maltese-baby-boy,Maltese-Toddlerhood-boy,Maltese-young-boy,Maltese-boy,Maltese-teenage-boy,Maltese-young-man,Maltese-middle-aged-man,Maltese-man,Maltese-old-man,Maltese-male,Maltese-male-model,Maltese-male-actor
Marshallese-baby-boy,Marshallese-Toddlerhood-boy,Marshallese-young-boy,Marshallese-boy,Marshallese-teenage-boy,Marshallese-young-man,Marshallese-middle-aged-man,Marshallese-man,Marshallese-old-man,Marshallese-male,Marshallese-male-model,Marshallese-male-actor
Martiniquais-baby-boy,Martiniquais-Toddlerhood-boy,Martiniquais-young-boy,Martiniquais-boy,Martiniquais-teenage-boy,Martiniquais-young-man,Martiniquais-middle-aged-man,Martiniquais-man,Martiniquais-old-man,Martiniquais-male,Martiniquais-male-model,Martiniquais-male-actor
Mauritanian-baby-boy,Mauritanian-Toddlerhood-boy,Mauritanian-young-boy,Mauritanian-boy,Mauritanian-teenage-boy,Mauritanian-young-man,Mauritanian-middle-aged-man,Mauritanian-man,Mauritanian-old-man,Mauritanian-male,Mauritanian-male-model,Mauritanian-male-actor
Mauritian-baby-boy,Mauritian-Toddlerhood-boy,Mauritian-young-boy,Mauritian-boy,Mauritian-teenage-boy,Mauritian-young-man,Mauritian-middle-aged-man,Mauritian-man,Mauritian-old-man,Mauritian-male,Mauritian-male-model,Mauritian-male-actor
Mexican-baby-boy,Mexican-Toddlerhood-boy,Mexican-young-boy,Mexican-boy,Mexican-teenage-boy,Mexican-young-man,Mexican-middle-aged-man,Mexican-man,Mexican-old-man,Mexican-male,Mexican-male-model,Mexican-male-actor
Micronesian-baby-boy,Micronesian-Toddlerhood-boy,Micronesian-young-boy,Micronesian-boy,Micronesian-teenage-boy,Micronesian-young-man,Micronesian-middle-aged-man,Micronesian-man,Micronesian-old-man,Micronesian-male,Micronesian-male-model,Micronesian-male-actor
Moldovan-baby-boy,Moldovan-Toddlerhood-boy,Moldovan-young-boy,Moldovan-boy,Moldovan-teenage-boy,Moldovan-young-man,Moldovan-middle-aged-man,Moldovan-man,Moldovan-old-man,Moldovan-male,Moldovan-male-model,Moldovan-male-actor
Monegasque-baby-boy,Monegasque-Toddlerhood-boy,Monegasque-young-boy,Monegasque-boy,Monegasque-teenage-boy,Monegasque-young-man,Monegasque-middle-aged-man,Monegasque-man,Monegasque-old-man,Monegasque-male,Monegasque-male-model,Monegasque-male-actor
Mongolian-baby-boy,Mongolian-Toddlerhood-boy,Mongolian-young-boy,Mongolian-boy,Mongolian-teenage-boy,Mongolian-young-man,Mongolian-middle-aged-man,Mongolian-man,Mongolian-old-man,Mongolian-male,Mongolian-male-model,Mongolian-male-actor
Montenegrin-baby-boy,Montenegrin-Toddlerhood-boy,Montenegrin-young-boy,Montenegrin-boy,Montenegrin-teenage-boy,Montenegrin-young-man,Montenegrin-middle-aged-man,Montenegrin-man,Montenegrin-old-man,Montenegrin-male,Montenegrin-male-model,Montenegrin-male-actor
Montserratian-baby-boy,Montserratian-Toddlerhood-boy,Montserratian-young-boy,Montserratian-boy,Montserratian-teenage-boy,Montserratian-young-man,Montserratian-middle-aged-man,Montserratian-man,Montserratian-old-man,Montserratian-male,Montserratian-male-model,Montserratian-male-actor
Moroccan-baby-boy,Moroccan-Toddlerhood-boy,Moroccan-young-boy,Moroccan-boy,Moroccan-teenage-boy,Moroccan-young-man,Moroccan-middle-aged-man,Moroccan-man,Moroccan-old-man,Moroccan-male,Moroccan-male-model,Moroccan-male-actor
Mosotho-baby-boy,Mosotho-Toddlerhood-boy,Mosotho-young-boy,Mosotho-boy,Mosotho-teenage-boy,Mosotho-young-man,Mosotho-middle-aged-man,Mosotho-man,Mosotho-old-man,Mosotho-male,Mosotho-male-model,Mosotho-male-actor
Mozambican-baby-boy,Mozambican-Toddlerhood-boy,Mozambican-young-boy,Mozambican-boy,Mozambican-teenage-boy,Mozambican-young-man,Mozambican-middle-aged-man,Mozambican-man,Mozambican-old-man,Mozambican-male,Mozambican-male-model,Mozambican-male-actor
Namibian-baby-boy,Namibian-Toddlerhood-boy,Namibian-young-boy,Namibian-boy,Namibian-teenage-boy,Namibian-young-man,Namibian-middle-aged-man,Namibian-man,Namibian-old-man,Namibian-male,Namibian-male-model,Namibian-male-actor
Nauruan-baby-boy,Nauruan-Toddlerhood-boy,Nauruan-young-boy,Nauruan-boy,Nauruan-teenage-boy,Nauruan-young-man,Nauruan-middle-aged-man,Nauruan-man,Nauruan-old-man,Nauruan-male,Nauruan-male-model,Nauruan-male-actor
Nepalese-baby-boy,Nepalese-Toddlerhood-boy,Nepalese-young-boy,Nepalese-boy,Nepalese-teenage-boy,Nepalese-young-man,Nepalese-middle-aged-man,Nepalese-man,Nepalese-old-man,Nepalese-male,Nepalese-male-model,Nepalese-male-actor
New Zealander-baby-boy,New Zealander-Toddlerhood-boy,New Zealander-young-boy,New Zealander-boy,New Zealander-teenage-boy,New Zealander-young-man,New Zealander-middle-aged-man,New Zealander-man,New Zealander-old-man,New Zealander-male,New Zealander-male-model,New Zealander-male-actor
Nicaraguan-baby-boy,Nicaraguan-Toddlerhood-boy,Nicaraguan-young-boy,Nicaraguan-boy,Nicaraguan-teenage-boy,Nicaraguan-young-man,Nicaraguan-middle-aged-man,Nicaraguan-man,Nicaraguan-old-man,Nicaraguan-male,Nicaraguan-male-model,Nicaraguan-male-actor
Nigerian-baby-boy,Nigerian-Toddlerhood-boy,Nigerian-young-boy,Nigerian-boy,Nigerian-teenage-boy,Nigerian-young-man,Nigerian-middle-aged-man,Nigerian-man,Nigerian-old-man,Nigerian-male,Nigerian-male-model,Nigerian-male-actor
Nigerien-baby-boy,Nigerien-Toddlerhood-boy,Nigerien-young-boy,Nigerien-boy,Nigerien-teenage-boy,Nigerien-young-man,Nigerien-middle-aged-man,Nigerien-man,Nigerien-old-man,Nigerien-male,Nigerien-male-model,Nigerien-male-actor
Niuean-baby-boy,Niuean-Toddlerhood-boy,Niuean-young-boy,Niuean-boy,Niuean-teenage-boy,Niuean-young-man,Niuean-middle-aged-man,Niuean-man,Niuean-old-man,Niuean-male,Niuean-male-model,Niuean-male-actor
North Korean-baby-boy,North Korean-Toddlerhood-boy,North Korean-young-boy,North Korean-boy,North Korean-teenage-boy,North Korean-young-man,North Korean-middle-aged-man,North Korean-man,North Korean-old-man,North Korean-male,North Korean-male-model,North Korean-male-actor
Northern Irish-baby-boy,Northern Irish-Toddlerhood-boy,Northern Irish-young-boy,Northern Irish-boy,Northern Irish-teenage-boy,Northern Irish-young-man,Northern Irish-middle-aged-man,Northern Irish-man,Northern Irish-old-man,Northern Irish-male,Northern Irish-male-model,Northern Irish-male-actor
Norwegian-baby-boy,Norwegian-Toddlerhood-boy,Norwegian-young-boy,Norwegian-boy,Norwegian-teenage-boy,Norwegian-young-man,Norwegian-middle-aged-man,Norwegian-man,Norwegian-old-man,Norwegian-male,Norwegian-male-model,Norwegian-male-actor
Omani-baby-boy,Omani-Toddlerhood-boy,Omani-young-boy,Omani-boy,Omani-teenage-boy,Omani-young-man,Omani-middle-aged-man,Omani-man,Omani-old-man,Omani-male,Omani-male-model,Omani-male-actor
Pakistani-baby-boy,Pakistani-Toddlerhood-boy,Pakistani-young-boy,Pakistani-boy,Pakistani-teenage-boy,Pakistani-young-man,Pakistani-middle-aged-man,Pakistani-man,Pakistani-old-man,Pakistani-male,Pakistani-male-model,Pakistani-male-actor
Palauan-baby-boy,Palauan-Toddlerhood-boy,Palauan-young-boy,Palauan-boy,Palauan-teenage-boy,Palauan-young-man,Palauan-middle-aged-man,Palauan-man,Palauan-old-man,Palauan-male,Palauan-male-model,Palauan-male-actor
Palestinian-baby-boy,Palestinian-Toddlerhood-boy,Palestinian-young-boy,Palestinian-boy,Palestinian-teenage-boy,Palestinian-young-man,Palestinian-middle-aged-man,Palestinian-man,Palestinian-old-man,Palestinian-male,Palestinian-male-model,Palestinian-male-actor
Panamanian-baby-boy,Panamanian-Toddlerhood-boy,Panamanian-young-boy,Panamanian-boy,Panamanian-teenage-boy,Panamanian-young-man,Panamanian-middle-aged-man,Panamanian-man,Panamanian-old-man,Panamanian-male,Panamanian-male-model,Panamanian-male-actor
Papua New Guinean-baby-boy,Papua New Guinean-Toddlerhood-boy,Papua New Guinean-young-boy,Papua New Guinean-boy,Papua New Guinean-teenage-boy,Papua New Guinean-young-man,Papua New Guinean-middle-aged-man,Papua New Guinean-man,Papua New Guinean-old-man,Papua New Guinean-male,Papua New Guinean-male-model,Papua New Guinean-male-actor
Paraguayan-baby-boy,Paraguayan-Toddlerhood-boy,Paraguayan-young-boy,Paraguayan-boy,Paraguayan-teenage-boy,Paraguayan-young-man,Paraguayan-middle-aged-man,Paraguayan-man,Paraguayan-old-man,Paraguayan-male,Paraguayan-male-model,Paraguayan-male-actor
Peruvian-baby-boy,Peruvian-Toddlerhood-boy,Peruvian-young-boy,Peruvian-boy,Peruvian-teenage-boy,Peruvian-young-man,Peruvian-middle-aged-man,Peruvian-man,Peruvian-old-man,Peruvian-male,Peruvian-male-model,Peruvian-male-actor
Pitcairn Islander-baby-boy,Pitcairn Islander-Toddlerhood-boy,Pitcairn Islander-young-boy,Pitcairn Islander-boy,Pitcairn Islander-teenage-boy,Pitcairn Islander-young-man,Pitcairn Islander-middle-aged-man,Pitcairn Islander-man,Pitcairn Islander-old-man,Pitcairn Islander-male,Pitcairn Islander-male-model,Pitcairn Islander-male-actor
Polish-baby-boy,Polish-Toddlerhood-boy,Polish-young-boy,Polish-boy,Polish-teenage-boy,Polish-young-man,Polish-middle-aged-man,Polish-man,Polish-old-man,Polish-male,Polish-male-model,Polish-male-actor
Portuguese-baby-boy,Portuguese-Toddlerhood-boy,Portuguese-young-boy,Portuguese-boy,Portuguese-teenage-boy,Portuguese-young-man,Portuguese-middle-aged-man,Portuguese-man,Portuguese-old-man,Portuguese-male,Portuguese-male-model,Portuguese-male-actor
Prydeinig-baby-boy,Prydeinig-Toddlerhood-boy,Prydeinig-young-boy,Prydeinig-boy,Prydeinig-teenage-boy,Prydeinig-young-man,Prydeinig-middle-aged-man,Prydeinig-man,Prydeinig-old-man,Prydeinig-male,Prydeinig-male-model,Prydeinig-male-actor
Puerto Rican-baby-boy,Puerto Rican-Toddlerhood-boy,Puerto Rican-young-boy,Puerto Rican-boy,Puerto Rican-teenage-boy,Puerto Rican-young-man,Puerto Rican-middle-aged-man,Puerto Rican-man,Puerto Rican-old-man,Puerto Rican-male,Puerto Rican-male-model,Puerto Rican-male-actor
Qatari-baby-boy,Qatari-Toddlerhood-boy,Qatari-young-boy,Qatari-boy,Qatari-teenage-boy,Qatari-young-man,Qatari-middle-aged-man,Qatari-man,Qatari-old-man,Qatari-male,Qatari-male-model,Qatari-male-actor
Romanian-baby-boy,Romanian-Toddlerhood-boy,Romanian-young-boy,Romanian-boy,Romanian-teenage-boy,Romanian-young-man,Romanian-middle-aged-man,Romanian-man,Romanian-old-man,Romanian-male,Romanian-male-model,Romanian-male-actor
Russian-baby-boy,Russian-Toddlerhood-boy,Russian-young-boy,Russian-boy,Russian-teenage-boy,Russian-young-man,Russian-middle-aged-man,Russian-man,Russian-old-man,Russian-male,Russian-male-model,Russian-male-actor
Rwandan-baby-boy,Rwandan-Toddlerhood-boy,Rwandan-young-boy,Rwandan-boy,Rwandan-teenage-boy,Rwandan-young-man,Rwandan-middle-aged-man,Rwandan-man,Rwandan-old-man,Rwandan-male,Rwandan-male-model,Rwandan-male-actor
Salvadorean-baby-boy,Salvadorean-Toddlerhood-boy,Salvadorean-young-boy,Salvadorean-boy,Salvadorean-teenage-boy,Salvadorean-young-man,Salvadorean-middle-aged-man,Salvadorean-man,Salvadorean-old-man,Salvadorean-male,Salvadorean-male-model,Salvadorean-male-actor
Sammarinese-baby-boy,Sammarinese-Toddlerhood-boy,Sammarinese-young-boy,Sammarinese-boy,Sammarinese-teenage-boy,Sammarinese-young-man,Sammarinese-middle-aged-man,Sammarinese-man,Sammarinese-old-man,Sammarinese-male,Sammarinese-male-model,Sammarinese-male-actor
Samoan-baby-boy,Samoan-Toddlerhood-boy,Samoan-young-boy,Samoan-boy,Samoan-teenage-boy,Samoan-young-man,Samoan-middle-aged-man,Samoan-man,Samoan-old-man,Samoan-male,Samoan-male-model,Samoan-male-actor
Sao Tomean-baby-boy,Sao Tomean-Toddlerhood-boy,Sao Tomean-young-boy,Sao Tomean-boy,Sao Tomean-teenage-boy,Sao Tomean-young-man,Sao Tomean-middle-aged-man,Sao Tomean-man,Sao Tomean-old-man,Sao Tomean-male,Sao Tomean-male-model,Sao Tomean-male-actor
Saudi Arabian-baby-boy,Saudi Arabian-Toddlerhood-boy,Saudi Arabian-young-boy,Saudi Arabian-boy,Saudi Arabian-teenage-boy,Saudi Arabian-young-man,Saudi Arabian-middle-aged-man,Saudi Arabian-man,Saudi Arabian-old-man,Saudi Arabian-male,Saudi Arabian-male-model,Saudi Arabian-male-actor
Scottish-baby-boy,Scottish-Toddlerhood-boy,Scottish-young-boy,Scottish-boy,Scottish-teenage-boy,Scottish-young-man,Scottish-middle-aged-man,Scottish-man,Scottish-old-man,Scottish-male,Scottish-male-model,Scottish-male-actor
Senegalese-baby-boy,Senegalese-Toddlerhood-boy,Senegalese-young-boy,Senegalese-boy,Senegalese-teenage-boy,Senegalese-young-man,Senegalese-middle-aged-man,Senegalese-man,Senegalese-old-man,Senegalese-male,Senegalese-male-model,Senegalese-male-actor
Serbian-baby-boy,Serbian-Toddlerhood-boy,Serbian-young-boy,Serbian-boy,Serbian-teenage-boy,Serbian-young-man,Serbian-middle-aged-man,Serbian-man,Serbian-old-man,Serbian-male,Serbian-male-model,Serbian-male-actor
Sierra Leonean-baby-boy,Sierra Leonean-Toddlerhood-boy,Sierra Leonean-young-boy,Sierra Leonean-boy,Sierra Leonean-teenage-boy,Sierra Leonean-young-man,Sierra Leonean-middle-aged-man,Sierra Leonean-man,Sierra Leonean-old-man,Sierra Leonean-male,Sierra Leonean-male-model,Sierra Leonean-male-actor
Singaporean-baby-boy,Singaporean-Toddlerhood-boy,Singaporean-young-boy,Singaporean-boy,Singaporean-teenage-boy,Singaporean-young-man,Singaporean-middle-aged-man,Singaporean-man,Singaporean-old-man,Singaporean-male,Singaporean-male-model,Singaporean-male-actor
Slovak-baby-boy,Slovak-Toddlerhood-boy,Slovak-young-boy,Slovak-boy,Slovak-teenage-boy,Slovak-young-man,Slovak-middle-aged-man,Slovak-man,Slovak-old-man,Slovak-male,Slovak-male-model,Slovak-male-actor
Slovenian-baby-boy,Slovenian-Toddlerhood-boy,Slovenian-young-boy,Slovenian-boy,Slovenian-teenage-boy,Slovenian-young-man,Slovenian-middle-aged-man,Slovenian-man,Slovenian-old-man,Slovenian-male,Slovenian-male-model,Slovenian-male-actor
Solomon Islander-baby-boy,Solomon Islander-Toddlerhood-boy,Solomon Islander-young-boy,Solomon Islander-boy,Solomon Islander-teenage-boy,Solomon Islander-young-man,Solomon Islander-middle-aged-man,Solomon Islander-man,Solomon Islander-old-man,Solomon Islander-male,Solomon Islander-male-model,Solomon Islander-male-actor
Somali-baby-boy,Somali-Toddlerhood-boy,Somali-young-boy,Somali-boy,Somali-teenage-boy,Somali-young-man,Somali-middle-aged-man,Somali-man,Somali-old-man,Somali-male,Somali-male-model,Somali-male-actor
South African-baby-boy,South African-Toddlerhood-boy,South African-young-boy,South African-boy,South African-teenage-boy,South African-young-man,South African-middle-aged-man,South African-man,South African-old-man,South African-male,South African-male-model,South African-male-actor
South Korean-baby-boy,South Korean-Toddlerhood-boy,South Korean-young-boy,South Korean-boy,South Korean-teenage-boy,South Korean-young-man,South Korean-middle-aged-man,South Korean-man,South Korean-old-man,South Korean-male,South Korean-male-model,South Korean-male-actor
South Sudanese-baby-boy,South Sudanese-Toddlerhood-boy,South Sudanese-young-boy,South Sudanese-boy,South Sudanese-teenage-boy,South Sudanese-young-man,South Sudanese-middle-aged-man,South Sudanese-man,South Sudanese-old-man,South Sudanese-male,South Sudanese-male-model,South Sudanese-male-actor
Spanish-baby-boy,Spanish-Toddlerhood-boy,Spanish-young-boy,Spanish-boy,Spanish-teenage-boy,Spanish-young-man,Spanish-middle-aged-man,Spanish-man,Spanish-old-man,Spanish-male,Spanish-male-model,Spanish-male-actor
Sri Lankan-baby-boy,Sri Lankan-Toddlerhood-boy,Sri Lankan-young-boy,Sri Lankan-boy,Sri Lankan-teenage-boy,Sri Lankan-young-man,Sri Lankan-middle-aged-man,Sri Lankan-man,Sri Lankan-old-man,Sri Lankan-male,Sri Lankan-male-model,Sri Lankan-male-actor
St Helenian-baby-boy,St Helenian-Toddlerhood-boy,St Helenian-young-boy,St Helenian-boy,St Helenian-teenage-boy,St Helenian-young-man,St Helenian-middle-aged-man,St Helenian-man,St Helenian-old-man,St Helenian-male,St Helenian-male-model,St Helenian-male-actor
St Lucian-baby-boy,St Lucian-Toddlerhood-boy,St Lucian-young-boy,St Lucian-boy,St Lucian-teenage-boy,St Lucian-young-man,St Lucian-middle-aged-man,St Lucian-man,St Lucian-old-man,St Lucian-male,St Lucian-male-model,St Lucian-male-actor
Stateless-baby-boy,Stateless-Toddlerhood-boy,Stateless-young-boy,Stateless-boy,Stateless-teenage-boy,Stateless-young-man,Stateless-middle-aged-man,Stateless-man,Stateless-old-man,Stateless-male,Stateless-male-model,Stateless-male-actor
Sudanese-baby-boy,Sudanese-Toddlerhood-boy,Sudanese-young-boy,Sudanese-boy,Sudanese-teenage-boy,Sudanese-young-man,Sudanese-middle-aged-man,Sudanese-man,Sudanese-old-man,Sudanese-male,Sudanese-male-model,Sudanese-male-actor
Surinamese-baby-boy,Surinamese-Toddlerhood-boy,Surinamese-young-boy,Surinamese-boy,Surinamese-teenage-boy,Surinamese-young-man,Surinamese-middle-aged-man,Surinamese-man,Surinamese-old-man,Surinamese-male,Surinamese-male-model,Surinamese-male-actor
Swazi-baby-boy,Swazi-Toddlerhood-boy,Swazi-young-boy,Swazi-boy,Swazi-teenage-boy,Swazi-young-man,Swazi-middle-aged-man,Swazi-man,Swazi-old-man,Swazi-male,Swazi-male-model,Swazi-male-actor
Swedish-baby-boy,Swedish-Toddlerhood-boy,Swedish-young-boy,Swedish-boy,Swedish-teenage-boy,Swedish-young-man,Swedish-middle-aged-man,Swedish-man,Swedish-old-man,Swedish-male,Swedish-male-model,Swedish-male-actor
Swiss-baby-boy,Swiss-Toddlerhood-boy,Swiss-young-boy,Swiss-boy,Swiss-teenage-boy,Swiss-young-man,Swiss-middle-aged-man,Swiss-man,Swiss-old-man,Swiss-male,Swiss-male-model,Swiss-male-actor
Syrian-baby-boy,Syrian-Toddlerhood-boy,Syrian-young-boy,Syrian-boy,Syrian-teenage-boy,Syrian-young-man,Syrian-middle-aged-man,Syrian-man,Syrian-old-man,Syrian-male,Syrian-male-model,Syrian-male-actor
Taiwanese-baby-boy,Taiwanese-Toddlerhood-boy,Taiwanese-young-boy,Taiwanese-boy,Taiwanese-teenage-boy,Taiwanese-young-man,Taiwanese-middle-aged-man,Taiwanese-man,Taiwanese-old-man,Taiwanese-male,Taiwanese-male-model,Taiwanese-male-actor
Tajik-baby-boy,Tajik-Toddlerhood-boy,Tajik-young-boy,Tajik-boy,Tajik-teenage-boy,Tajik-young-man,Tajik-middle-aged-man,Tajik-man,Tajik-old-man,Tajik-male,Tajik-male-model,Tajik-male-actor
Tanzanian-baby-boy,Tanzanian-Toddlerhood-boy,Tanzanian-young-boy,Tanzanian-boy,Tanzanian-teenage-boy,Tanzanian-young-man,Tanzanian-middle-aged-man,Tanzanian-man,Tanzanian-old-man,Tanzanian-male,Tanzanian-male-model,Tanzanian-male-actor
Thai-baby-boy,Thai-Toddlerhood-boy,Thai-young-boy,Thai-boy,Thai-teenage-boy,Thai-young-man,Thai-middle-aged-man,Thai-man,Thai-old-man,Thai-male,Thai-male-model,Thai-male-actor
Togolese-baby-boy,Togolese-Toddlerhood-boy,Togolese-young-boy,Togolese-boy,Togolese-teenage-boy,Togolese-young-man,Togolese-middle-aged-man,Togolese-man,Togolese-old-man,Togolese-male,Togolese-male-model,Togolese-male-actor
Tongan-baby-boy,Tongan-Toddlerhood-boy,Tongan-young-boy,Tongan-boy,Tongan-teenage-boy,Tongan-young-man,Tongan-middle-aged-man,Tongan-man,Tongan-old-man,Tongan-male,Tongan-male-model,Tongan-male-actor
Trinidadian-baby-boy,Trinidadian-Toddlerhood-boy,Trinidadian-young-boy,Trinidadian-boy,Trinidadian-teenage-boy,Trinidadian-young-man,Trinidadian-middle-aged-man,Trinidadian-man,Trinidadian-old-man,Trinidadian-male,Trinidadian-male-model,Trinidadian-male-actor
Tristanian-baby-boy,Tristanian-Toddlerhood-boy,Tristanian-young-boy,Tristanian-boy,Tristanian-teenage-boy,Tristanian-young-man,Tristanian-middle-aged-man,Tristanian-man,Tristanian-old-man,Tristanian-male,Tristanian-male-model,Tristanian-male-actor
Tunisian-baby-boy,Tunisian-Toddlerhood-boy,Tunisian-young-boy,Tunisian-boy,Tunisian-teenage-boy,Tunisian-young-man,Tunisian-middle-aged-man,Tunisian-man,Tunisian-old-man,Tunisian-male,Tunisian-male-model,Tunisian-male-actor
Turkish-baby-boy,Turkish-Toddlerhood-boy,Turkish-young-boy,Turkish-boy,Turkish-teenage-boy,Turkish-young-man,Turkish-middle-aged-man,Turkish-man,Turkish-old-man,Turkish-male,Turkish-male-model,Turkish-male-actor
Turkmen-baby-boy,Turkmen-Toddlerhood-boy,Turkmen-young-boy,Turkmen-boy,Turkmen-teenage-boy,Turkmen-young-man,Turkmen-middle-aged-man,Turkmen-man,Turkmen-old-man,Turkmen-male,Turkmen-male-model,Turkmen-male-actor
Turks and Caicos Islander-baby-boy,Turks and Caicos Islander-Toddlerhood-boy,Turks and Caicos Islander-young-boy,Turks and Caicos Islander-boy,Turks and Caicos Islander-teenage-boy,Turks and Caicos Islander-young-man,Turks and Caicos Islander-middle-aged-man,Turks and Caicos Islander-man,Turks and Caicos Islander-old-man,Turks and Caicos Islander-male,Turks and Caicos Islander-male-model,Turks and Caicos Islander-male-actor
Tuvaluan-baby-boy,Tuvaluan-Toddlerhood-boy,Tuvaluan-young-boy,Tuvaluan-boy,Tuvaluan-teenage-boy,Tuvaluan-young-man,Tuvaluan-middle-aged-man,Tuvaluan-man,Tuvaluan-old-man,Tuvaluan-male,Tuvaluan-male-model,Tuvaluan-male-actor
Ugandan-baby-boy,Ugandan-Toddlerhood-boy,Ugandan-young-boy,Ugandan-boy,Ugandan-teenage-boy,Ugandan-young-man,Ugandan-middle-aged-man,Ugandan-man,Ugandan-old-man,Ugandan-male,Ugandan-male-model,Ugandan-male-actor
Ukrainian-baby-boy,Ukrainian-Toddlerhood-boy,Ukrainian-young-boy,Ukrainian-boy,Ukrainian-teenage-boy,Ukrainian-young-man,Ukrainian-middle-aged-man,Ukrainian-man,Ukrainian-old-man,Ukrainian-male,Ukrainian-male-model,Ukrainian-male-actor
Uruguayan-baby-boy,Uruguayan-Toddlerhood-boy,Uruguayan-young-boy,Uruguayan-boy,Uruguayan-teenage-boy,Uruguayan-young-man,Uruguayan-middle-aged-man,Uruguayan-man,Uruguayan-old-man,Uruguayan-male,Uruguayan-male-model,Uruguayan-male-actor
Uzbek-baby-boy,Uzbek-Toddlerhood-boy,Uzbek-young-boy,Uzbek-boy,Uzbek-teenage-boy,Uzbek-young-man,Uzbek-middle-aged-man,Uzbek-man,Uzbek-old-man,Uzbek-male,Uzbek-male-model,Uzbek-male-actor
Vatican citizen-baby-boy,Vatican citizen-Toddlerhood-boy,Vatican citizen-young-boy,Vatican citizen-boy,Vatican citizen-teenage-boy,Vatican citizen-young-man,Vatican citizen-middle-aged-man,Vatican citizen-man,Vatican citizen-old-man,Vatican citizen-male,Vatican citizen-male-model,Vatican citizen-male-actor
Venezuelan-baby-boy,Venezuelan-Toddlerhood-boy,Venezuelan-young-boy,Venezuelan-boy,Venezuelan-teenage-boy,Venezuelan-young-man,Venezuelan-middle-aged-man,Venezuelan-man,Venezuelan-old-man,Venezuelan-male,Venezuelan-male-model,Venezuelan-male-actor
Vietnamese-baby-boy,Vietnamese-Toddlerhood-boy,Vietnamese-young-boy,Vietnamese-boy,Vietnamese-teenage-boy,Vietnamese-young-man,Vietnamese-middle-aged-man,Vietnamese-man,Vietnamese-old-man,Vietnamese-male,Vietnamese-male-model,Vietnamese-male-actor
Vincentian-baby-boy,Vincentian-Toddlerhood-boy,Vincentian-young-boy,Vincentian-boy,Vincentian-teenage-boy,Vincentian-young-man,Vincentian-middle-aged-man,Vincentian-man,Vincentian-old-man,Vincentian-male,Vincentian-male-model,Vincentian-male-actor
Wallisian-baby-boy,Wallisian-Toddlerhood-boy,Wallisian-young-boy,Wallisian-boy,Wallisian-teenage-boy,Wallisian-young-man,Wallisian-middle-aged-man,Wallisian-man,Wallisian-old-man,Wallisian-male,Wallisian-male-model,Wallisian-male-actor
Welsh-baby-boy,Welsh-Toddlerhood-boy,Welsh-young-boy,Welsh-boy,Welsh-teenage-boy,Welsh-young-man,Welsh-middle-aged-man,Welsh-man,Welsh-old-man,Welsh-male,Welsh-male-model,Welsh-male-actor
Yemeni-baby-boy,Yemeni-Toddlerhood-boy,Yemeni-young-boy,Yemeni-boy,Yemeni-teenage-boy,Yemeni-young-man,Yemeni-middle-aged-man,Yemeni-man,Yemeni-old-man,Yemeni-male,Yemeni-male-model,Yemeni-male-actor
Zambian-baby-boy,Zambian-Toddlerhood-boy,Zambian-young-boy,Zambian-boy,Zambian-teenage-boy,Zambian-young-man,Zambian-middle-aged-man,Zambian-man,Zambian-old-man,Zambian-male,Zambian-male-model,Zambian-male-actor
Zimbabwean-baby-boy,Zimbabwean-Toddlerhood-boy,Zimbabwean-young-boy,Zimbabwean-boy,Zimbabwean-teenage-boy,Zimbabwean-young-man,Zimbabwean-middle-aged-man,Zimbabwean-man,Zimbabwean-old-man,Zimbabwean-male,Zimbabwean-male-model,Zimbabwean-male-actor
