Afghan-baby-girl,Afghan-Toddlerhood-girl,Afghan-young-girl,Afghan-girl,Afghan-teenage-girl,Afghan-young-woman,Afghan-middle-aged-woman,Afghan-woman,Afghan-old-woman,Afghan-female,Afghan-female-model,Afghan-female-actor
Albanian-baby-girl,Albanian-Toddlerhood-girl,Albanian-young-girl,Albanian-girl,Albanian-teenage-girl,Albanian-young-woman,Albanian-middle-aged-woman,Albanian-woman,Albanian-old-woman,Albanian-female,Albanian-female-model,Albanian-female-actor
Algerian-baby-girl,Algerian-Toddlerhood-girl,Algerian-young-girl,Algerian-girl,Algerian-teenage-girl,Algerian-young-woman,Algerian-middle-aged-woman,Algerian-woman,Algerian-old-woman,Algerian-female,Algerian-female-model,Algerian-female-actor
American-baby-girl,American-Toddlerhood-girl,American-young-girl,American-girl,American-teenage-girl,American-young-woman,American-middle-aged-woman,American-woman,American-old-woman,American-female,American-female-model,American-female-actor
Andorran-baby-girl,Andorran-Toddlerhood-girl,Andorran-young-girl,Andorran-girl,Andorran-teenage-girl,Andorran-young-woman,Andorran-middle-aged-woman,Andorran-woman,Andorran-old-woman,Andorran-female,Andorran-female-model,Andorran-female-actor
Angolan-baby-girl,Angolan-Toddlerhood-girl,Angolan-young-girl,Angolan-girl,Angolan-teenage-girl,Angolan-young-woman,Angolan-middle-aged-woman,Angolan-woman,Angolan-old-woman,Angolan-female,Angolan-female-model,Angolan-female-actor
Anguillan-baby-girl,Anguillan-Toddlerhood-girl,Anguillan-young-girl,Anguillan-girl,Anguillan-teenage-girl,Anguillan-young-woman,Anguillan-middle-aged-woman,Anguillan-woman,Anguillan-old-woman,Anguillan-female,Anguillan-female-model,Anguillan-female-actor
Argentine-baby-girl,Argentine-Toddlerhood-girl,Argentine-young-girl,Argentine-girl,Argentine-teenage-girl,Argentine-young-woman,Argentine-middle-aged-woman,Argentine-woman,Argentine-old-woman,Argentine-female,Argentine-female-model,Argentine-female-actor
Armenian-baby-girl,Armenian-Toddlerhood-girl,Armenian-young-girl,Armenian-girl,Armenian-teenage-girl,Armenian-young-woman,Armenian-middle-aged-woman,Armenian-woman,Armenian-old-woman,Armenian-female,Armenian-female-model,Armenian-female-actor
Australian-baby-girl,Australian-Toddlerhood-girl,Australian-young-girl,Australian-girl,Australian-teenage-girl,Australian-young-woman,Australian-middle-aged-woman,Australian-woman,Australian-old-woman,Australian-female,Australian-female-model,Australian-female-actor
Austrian-baby-girl,Austrian-Toddlerhood-girl,Austrian-young-girl,Austrian-girl,Austrian-teenage-girl,Austrian-young-woman,Austrian-middle-aged-woman,Austrian-woman,Austrian-old-woman,Austrian-female,Austrian-female-model,Austrian-female-actor
Azerbaijani-baby-girl,Azerbaijani-Toddlerhood-girl,Azerbaijani-young-girl,Azerbaijani-girl,Azerbaijani-teenage-girl,Azerbaijani-young-woman,Azerbaijani-middle-aged-woman,Azerbaijani-woman,Azerbaijani-old-woman,Azerbaijani-female,Azerbaijani-female-model,Azerbaijani-female-actor
Bahamian-baby-girl,Bahamian-Toddlerhood-girl,Bahamian-young-girl,Bahamian-girl,Bahamian-teenage-girl,Bahamian-young-woman,Bahamian-middle-aged-woman,Bahamian-woman,Bahamian-old-woman,Bahamian-female,Bahamian-female-model,Bahamian-female-actor
Bahraini-baby-girl,Bahraini-Toddlerhood-girl,Bahraini-young-girl,Bahraini-girl,Bahraini-teenage-girl,Bahraini-young-woman,Bahraini-middle-aged-woman,Bahraini-woman,Bahraini-old-woman,Bahraini-female,Bahraini-female-model,Bahraini-female-actor
Bangladeshi-baby-girl,Bangladeshi-Toddlerhood-girl,Bangladeshi-young-girl,Bangladeshi-girl,Bangladeshi-teenage-girl,Bangladeshi-young-woman,Bangladeshi-middle-aged-woman,Bangladeshi-woman,Bangladeshi-old-woman,Bangladeshi-female,Bangladeshi-female-model,Bangladeshi-female-actor
Barbadian-baby-girl,Barbadian-Toddlerhood-girl,Barbadian-young-girl,Barbadian-girl,Barbadian-teenage-girl,Barbadian-young-woman,Barbadian-middle-aged-woman,Barbadian-woman,Barbadian-old-woman,Barbadian-female,Barbadian-female-model,Barbadian-female-actor
Belarusian-baby-girl,Belarusian-Toddlerhood-girl,Belarusian-young-girl,Belarusian-girl,Belarusian-teenage-girl,Belarusian-young-woman,Belarusian-middle-aged-woman,Belarusian-woman,Belarusian-old-woman,Belarusian-female,Belarusian-female-model,Belarusian-female-actor
Belgian-baby-girl,Belgian-Toddlerhood-girl,Belgian-young-girl,Belgian-girl,Belgian-teenage-girl,Belgian-young-woman,Belgian-middle-aged-woman,Belgian-woman,Belgian-old-woman,Belgian-female,Belgian-female-model,Belgian-female-actor
Belizean-baby-girl,Belizean-Toddlerhood-girl,Belizean-young-girl,Belizean-girl,Belizean-teenage-girl,Belizean-young-woman,Belizean-middle-aged-woman,Belizean-woman,Belizean-old-woman,Belizean-female,Belizean-female-model,Belizean-female-actor
Beninese-baby-girl,Beninese-Toddlerhood-girl,Beninese-young-girl,Beninese-girl,Beninese-teenage-girl,Beninese-young-woman,Beninese-middle-aged-woman,Beninese-woman,Beninese-old-woman,Beninese-female,Beninese-female-model,Beninese-female-actor
Bermudian-baby-girl,Bermudian-Toddlerhood-girl,Bermudian-young-girl,Bermudian-girl,Bermudian-teenage-girl,Bermudian-young-woman,Bermudian-middle-aged-woman,Bermudian-woman,Bermudian-old-woman,Bermudian-female,Bermudian-female-model,Bermudian-female-actor
Bhutanese-baby-girl,Bhutanese-Toddlerhood-girl,Bhutanese-young-girl,Bhutanese-girl,Bhutanese-teenage-girl,Bhutanese-young-woman,Bhutanese-middle-aged-woman,Bhutanese-woman,Bhutanese-old-woman,Bhutanese-female,Bhutanese-female-model,Bhutanese-female-actor
Bolivian-baby-girl,Bolivian-Toddlerhood-girl,Bolivian-young-girl,Bolivian-girl,Bolivian-teenage-girl,Bolivian-young-woman,Bolivian-middle-aged-woman,Bolivian-woman,Bolivian-old-woman,Bolivian-female,Bolivian-female-model,Bolivian-female-actor
Botswanan-baby-girl,Botswanan-Toddlerhood-girl,Botswanan-young-girl,Botswanan-girl,Botswanan-teenage-girl,Botswanan-young-woman,Botswanan-middle-aged-woman,Botswanan-woman,Botswanan-old-woman,Botswanan-female,Botswanan-female-model,Botswanan-female-actor
Brazilian-baby-girl,Brazilian-Toddlerhood-girl,Brazilian-young-girl,Brazilian-girl,Brazilian-teenage-girl,Brazilian-young-woman,Brazilian-middle-aged-woman,Brazilian-woman,Brazilian-old-woman,Brazilian-female,Brazilian-female-model,Brazilian-female-actor
British-baby-girl,British-Toddlerhood-girl,British-young-girl,British-girl,British-teenage-girl,British-young-woman,British-middle-aged-woman,British-woman,British-old-woman,British-female,British-female-model,British-female-actor
British Virgin Islander-baby-girl,British Virgin Islander-Toddlerhood-girl,British Virgin Islander-young-girl,British Virgin Islander-girl,British Virgin Islander-teenage-girl,British Virgin Islander-young-woman,British Virgin Islander-middle-aged-woman,British Virgin Islander-woman,British Virgin Islander-old-woman,British Virgin Islander-female,British Virgin Islander-female-model,British Virgin Islander-female-actor
Bruneian-baby-girl,Bruneian-Toddlerhood-girl,Bruneian-young-girl,Bruneian-girl,Bruneian-teenage-girl,Bruneian-young-woman,Bruneian-middle-aged-woman,Bruneian-woman,Bruneian-old-woman,Bruneian-female,Bruneian-female-model,Bruneian-female-actor
Bulgarian-baby-girl,Bulgarian-Toddlerhood-girl,Bulgarian-young-girl,Bulgarian-girl,Bulgarian-teenage-girl,Bulgarian-young-woman,Bulgarian-middle-aged-woman,Bulgarian-woman,Bulgarian-old-woman,Bulgarian-female,Bulgarian-female-model,Bulgarian-female-actor
Burkinan-baby-girl,Burkinan-Toddlerhood-girl,Burkinan-young-girl,Burkinan-girl,Burkinan-teenage-girl,Burkinan-young-woman,Burkinan-middle-aged-woman,Burkinan-woman,Burkinan-old-woman,Burkinan-female,Burkinan-female-model,Burkinan-female-actor
Burmese-baby-girl,Burmese-Toddlerhood-girl,Burmese-young-girl,Burmese-girl,Burmese-teenage-girl,Burmese-young-woman,Burmese-middle-aged-woman,Burmese-woman,Burmese-old-woman,Burmese-female,Burmese-female-model,Burmese-female-actor
Burundian-baby-girl,Burundian-Toddlerhood-girl,Burundian-young-girl,Burundian-girl,Burundian-teenage-girl,Burundian-young-woman,Burundian-middle-aged-woman,Burundian-woman,Burundian-old-woman,Burundian-female,Burundian-female-model,Burundian-female-actor
Cambodian-baby-girl,Cambodian-Toddlerhood-girl,Cambodian-young-girl,Cambodian-girl,Cambodian-teenage-girl,Cambodian-young-woman,Cambodian-middle-aged-woman,Cambodian-woman,Cambodian-old-woman,Cambodian-female,Cambodian-female-model,Cambodian-female-actor
Cameroonian-baby-girl,Cameroonian-Toddlerhood-girl,Cameroonian-young-girl,Cameroonian-girl,Cameroonian-teenage-girl,Cameroonian-young-woman,Cameroonian-middle-aged-woman,Cameroonian-woman,Cameroonian-old-woman,Cameroonian-female,Cameroonian-female-model,Cameroonian-female-actor
Canadian-baby-girl,Canadian-Toddlerhood-girl,Canadian-young-girl,Canadian-girl,Canadian-teenage-girl,Canadian-young-woman,Canadian-middle-aged-woman,Canadian-woman,Canadian-old-woman,Canadian-female,Canadian-female-model,Canadian-female-actor
Cape Verdean-baby-girl,Cape Verdean-Toddlerhood-girl,Cape Verdean-young-girl,Cape Verdean-girl,Cape Verdean-teenage-girl,Cape Verdean-young-woman,Cape Verdean-middle-aged-woman,Cape Verdean-woman,Cape Verdean-old-woman,Cape Verdean-female,Cape Verdean-female-model,Cape Verdean-female-actor
Cayman Islander-baby-girl,Cayman Islander-Toddlerhood-girl,Cayman Islander-young-girl,Cayman Islander-girl,Cayman Islander-teenage-girl,Cayman Islander-young-woman,Cayman Islander-middle-aged-woman,Cayman Islander-woman,Cayman Islander-old-woman,Cayman Islander-female,Cayman Islander-female-model,Cayman Islander-female-actor
Central African-baby-girl,Central African-Toddlerhood-girl,Central African-young-girl,Central African-girl,Central African-teenage-girl,Central African-young-woman,Central African-middle-aged-woman,Central African-woman,Central African-old-woman,Central African-female,Central African-female-model,Central African-female-actor
Chadian-baby-girl,Chadian-Toddlerhood-girl,Chadian-young-girl,Chadian-girl,Chadian-teenage-girl,Chadian-young-woman,Chadian-middle-aged-woman,Chadian-woman,Chadian-old-woman,Chadian-female,Chadian-female-model,Chadian-female-actor
Chilean-baby-girl,Chilean-Toddlerhood-girl,Chilean-young-girl,Chilean-girl,Chilean-teenage-girl,Chilean-young-woman,Chilean-middle-aged-woman,Chilean-woman,Chilean-old-woman,Chilean-female,Chilean-female-model,Chilean-female-actor
Chinese-baby-girl,Chinese-Toddlerhood-girl,Chinese-young-girl,Chinese-girl,Chinese-teenage-girl,Chinese-young-woman,Chinese-middle-aged-woman,Chinese-woman,Chinese-old-woman,Chinese-female,Chinese-female-model,Chinese-female-actor
Citizen of Antigua and Barbuda-baby-girl,Citizen of Antigua and Barbuda-Toddlerhood-girl,Citizen of Antigua and Barbuda-young-girl,Citizen of Antigua and Barbuda-girl,Citizen of Antigua and Barbuda-teenage-girl,Citizen of Antigua and Barbuda-young-woman,Citizen of Antigua and Barbuda-middle-aged-woman,Citizen of Antigua and Barbuda-woman,Citizen of Antigua and Barbuda-old-woman,Citizen of Antigua and Barbuda-female,Citizen of Antigua and Barbuda-female-model,Citizen of Antigua and Barbuda-female-actor
Citizen of Bosnia and Herzegovina-baby-girl,Citizen of Bosnia and Herzegovina-Toddlerhood-girl,Citizen of Bosnia and Herzegovina-young-girl,Citizen of Bosnia and Herzegovina-girl,Citizen of Bosnia and Herzegovina-teenage-girl,Citizen of Bosnia and Herzegovina-young-woman,Citizen of Bosnia and Herzegovina-middle-aged-woman,Citizen of Bosnia and Herzegovina-woman,Citizen of Bosnia and Herzegovina-old-woman,Citizen of Bosnia and Herzegovina-female,Citizen of Bosnia and Herzegovina-female-model,Citizen of Bosnia and Herzegovina-female-actor
Citizen of Guinea-Bissau-baby-girl,Citizen of Guinea-Bissau-Toddlerhood-girl,Citizen of Guinea-Bissau-young-girl,Citizen of Guinea-Bissau-girl,Citizen of Guinea-Bissau-teenage-girl,Citizen of Guinea-Bissau-young-woman,Citizen of Guinea-Bissau-middle-aged-woman,Citizen of Guinea-Bissau-woman,Citizen of Guinea-Bissau-old-woman,Citizen of Guinea-Bissau-female,Citizen of Guinea-Bissau-female-model,Citizen of Guinea-Bissau-female-actor
Citizen of Kiribati-baby-girl,Citizen of Kiribati-Toddlerhood-girl,Citizen of Kiribati-young-girl,Citizen of Kiribati-girl,Citizen of Kiribati-teenage-girl,Citizen of Kiribati-young-woman,Citizen of Kiribati-middle-aged-woman,Citizen of Kiribati-woman,Citizen of Kiribati-old-woman,Citizen of Kiribati-female,Citizen of Kiribati-female-model,Citizen of Kiribati-female-actor
Citizen of Seychelles-baby-girl,Citizen of Seychelles-Toddlerhood-girl,Citizen of Seychelles-young-girl,Citizen of Seychelles-girl,Citizen of Seychelles-teenage-girl,Citizen of Seychelles-young-woman,Citizen of Seychelles-middle-aged-woman,Citizen of Seychelles-woman,Citizen of Seychelles-old-woman,Citizen of Seychelles-female,Citizen of Seychelles-female-model,Citizen of Seychelles-female-actor
Citizen of the Dominican Republic-baby-girl,Citizen of the Dominican Republic-Toddlerhood-girl,Citizen of the Dominican Republic-young-girl,Citizen of the Dominican Republic-girl,Citizen of the Dominican Republic-teenage-girl,Citizen of the Dominican Republic-young-woman,Citizen of the Dominican Republic-middle-aged-woman,Citizen of the Dominican Republic-woman,Citizen of the Dominican Republic-old-woman,Citizen of the Dominican Republic-female,Citizen of the Dominican Republic-female-model,Citizen of the Dominican Republic-female-actor
Citizen of Vanuatu -baby-girl,Citizen of Vanuatu -Toddlerhood-girl,Citizen of Vanuatu -young-girl,Citizen of Vanuatu -girl,Citizen of Vanuatu -teenage-girl,Citizen of Vanuatu -young-woman,Citizen of Vanuatu -middle-aged-woman,Citizen of Vanuatu -woman,Citizen of Vanuatu -old-woman,Citizen of Vanuatu -female,Citizen of Vanuatu -female-model,Citizen of Vanuatu -female-actor
Colombian-baby-girl,Colombian-Toddlerhood-girl,Colombian-young-girl,Colombian-girl,Colombian-teenage-girl,Colombian-young-woman,Colombian-middle-aged-woman,Colombian-woman,Colombian-old-woman,Colombian-female,Colombian-female-model,Colombian-female-actor
Comoran-baby-girl,Comoran-Toddlerhood-girl,Comoran-young-girl,Comoran-girl,Comoran-teenage-girl,Comoran-young-woman,Comoran-middle-aged-woman,Comoran-woman,Comoran-old-woman,Comoran-female,Comoran-female-model,Comoran-female-actor
Congolese (Congo)-baby-girl,Congolese (Congo)-Toddlerhood-girl,Congolese (Congo)-young-girl,Congolese (Congo)-girl,Congolese (Congo)-teenage-girl,Congolese (Congo)-young-woman,Congolese (Congo)-middle-aged-woman,Congolese (Congo)-woman,Congolese (Congo)-old-woman,Congolese (Congo)-female,Congolese (Congo)-female-model,Congolese (Congo)-female-actor
Congolese (DRC)-baby-girl,Congolese (DRC)-Toddlerhood-girl,Congolese (DRC)-young-girl,Congolese (DRC)-girl,Congolese (DRC)-teenage-girl,Congolese (DRC)-young-woman,Congolese (DRC)-middle-aged-woman,Congolese (DRC)-woman,Congolese (DRC)-old-woman,Congolese (DRC)-female,Congolese (DRC)-female-model,Congolese (DRC)-female-actor
Cook Islander-baby-girl,Cook Islander-Toddlerhood-girl,Cook Islander-young-girl,Cook Islander-girl,Cook Islander-teenage-girl,Cook Islander-young-woman,Cook Islander-middle-aged-woman,Cook Islander-woman,Cook Islander-old-woman,Cook Islander-female,Cook Islander-female-model,Cook Islander-female-actor
Costa Rican-baby-girl,Costa Rican-Toddlerhood-girl,Costa Rican-young-girl,Costa Rican-girl,Costa Rican-teenage-girl,Costa Rican-young-woman,Costa Rican-middle-aged-woman,Costa Rican-woman,Costa Rican-old-woman,Costa Rican-female,Costa Rican-female-model,Costa Rican-female-actor
Croatian-baby-girl,Croatian-Toddlerhood-girl,Croatian-young-girl,Croatian-girl,Croatian-teenage-girl,Croatian-young-woman,Croatian-middle-aged-woman,Croatian-woman,Croatian-old-woman,Croatian-female,Croatian-female-model,Croatian-female-actor
Cuban-baby-girl,Cuban-Toddlerhood-girl,Cuban-young-girl,Cuban-girl,Cuban-teenage-girl,Cuban-young-woman,Cuban-middle-aged-woman,Cuban-woman,Cuban-old-woman,Cuban-female,Cuban-female-model,Cuban-female-actor
Cymraes-baby-girl,Cymraes-Toddlerhood-girl,Cymraes-young-girl,Cymraes-girl,Cymraes-teenage-girl,Cymraes-young-woman,Cymraes-middle-aged-woman,Cymraes-woman,Cymraes-old-woman,Cymraes-female,Cymraes-female-model,Cymraes-female-actor
Cymro-baby-girl,Cymro-Toddlerhood-girl,Cymro-young-girl,Cymro-girl,Cymro-teenage-girl,Cymro-young-woman,Cymro-middle-aged-woman,Cymro-woman,Cymro-old-woman,Cymro-female,Cymro-female-model,Cymro-female-actor
Cypriot-baby-girl,Cypriot-Toddlerhood-girl,Cypriot-young-girl,Cypriot-girl,Cypriot-teenage-girl,Cypriot-young-woman,Cypriot-middle-aged-woman,Cypriot-woman,Cypriot-old-woman,Cypriot-female,Cypriot-female-model,Cypriot-female-actor
Czech-baby-girl,Czech-Toddlerhood-girl,Czech-young-girl,Czech-girl,Czech-teenage-girl,Czech-young-woman,Czech-middle-aged-woman,Czech-woman,Czech-old-woman,Czech-female,Czech-female-model,Czech-female-actor
Danish-baby-girl,Danish-Toddlerhood-girl,Danish-young-girl,Danish-girl,Danish-teenage-girl,Danish-young-woman,Danish-middle-aged-woman,Danish-woman,Danish-old-woman,Danish-female,Danish-female-model,Danish-female-actor
Djiboutian-baby-girl,Djiboutian-Toddlerhood-girl,Djiboutian-young-girl,Djiboutian-girl,Djiboutian-teenage-girl,Djiboutian-young-woman,Djiboutian-middle-aged-woman,Djiboutian-woman,Djiboutian-old-woman,Djiboutian-female,Djiboutian-female-model,Djiboutian-female-actor
Dominican-baby-girl,Dominican-Toddlerhood-girl,Dominican-young-girl,Dominican-girl,Dominican-teenage-girl,Dominican-young-woman,Dominican-middle-aged-woman,Dominican-woman,Dominican-old-woman,Dominican-female,Dominican-female-model,Dominican-female-actor
Dutch-baby-girl,Dutch-Toddlerhood-girl,Dutch-young-girl,Dutch-girl,Dutch-teenage-girl,Dutch-young-woman,Dutch-middle-aged-woman,Dutch-woman,Dutch-old-woman,Dutch-female,Dutch-female-model,Dutch-female-actor
East Timorese-baby-girl,East Timorese-Toddlerhood-girl,East Timorese-young-girl,East Timorese-girl,East Timorese-teenage-girl,East Timorese-young-woman,East Timorese-middle-aged-woman,East Timorese-woman,East Timorese-old-woman,East Timorese-female,East Timorese-female-model,East Timorese-female-actor
Ecuadorean-baby-girl,Ecuadorean-Toddlerhood-girl,Ecuadorean-young-girl,Ecuadorean-girl,Ecuadorean-teenage-girl,Ecuadorean-young-woman,Ecuadorean-middle-aged-woman,Ecuadorean-woman,Ecuadorean-old-woman,Ecuadorean-female,Ecuadorean-female-model,Ecuadorean-female-actor
Egyptian-baby-girl,Egyptian-Toddlerhood-girl,Egyptian-young-girl,Egyptian-girl,Egyptian-teenage-girl,Egyptian-young-woman,Egyptian-middle-aged-woman,Egyptian-woman,Egyptian-old-woman,Egyptian-female,Egyptian-female-model,Egyptian-female-actor
Emirati-baby-girl,Emirati-Toddlerhood-girl,Emirati-young-girl,Emirati-girl,Emirati-teenage-girl,Emirati-young-woman,Emirati-middle-aged-woman,Emirati-woman,Emirati-old-woman,Emirati-female,Emirati-female-model,Emirati-female-actor
English-baby-girl,English-Toddlerhood-girl,English-young-girl,English-girl,English-teenage-girl,English-young-woman,English-middle-aged-woman,English-woman,English-old-woman,English-female,English-female-model,English-female-actor
Equatorial Guinean-baby-girl,Equatorial Guinean-Toddlerhood-girl,Equatorial Guinean-young-girl,Equatorial Guinean-girl,Equatorial Guinean-teenage-girl,Equatorial Guinean-young-woman,Equatorial Guinean-middle-aged-woman,Equatorial Guinean-woman,Equatorial Guinean-old-woman,Equatorial Guinean-female,Equatorial Guinean-female-model,Equatorial Guinean-female-actor
Eritrean-baby-girl,Eritrean-Toddlerhood-girl,Eritrean-young-girl,Eritrean-girl,Eritrean-teenage-girl,Eritrean-young-woman,Eritrean-middle-aged-woman,Eritrean-woman,Eritrean-old-woman,Eritrean-female,Eritrean-female-model,Eritrean-female-actor
Estonian-baby-girl,Estonian-Toddlerhood-girl,Estonian-young-girl,Estonian-girl,Estonian-teenage-girl,Estonian-young-woman,Estonian-middle-aged-woman,Estonian-woman,Estonian-old-woman,Estonian-female,Estonian-female-model,Estonian-female-actor
Ethiopian-baby-girl,Ethiopian-Toddlerhood-girl,Ethiopian-young-girl,Ethiopian-girl,Ethiopian-teenage-girl,Ethiopian-young-woman,Ethiopian-middle-aged-woman,Ethiopian-woman,Ethiopian-old-woman,Ethiopian-female,Ethiopian-female-model,Ethiopian-female-actor
Faroese-baby-girl,Faroese-Toddlerhood-girl,Faroese-young-girl,Faroese-girl,Faroese-teenage-girl,Faroese-young-woman,Faroese-middle-aged-woman,Faroese-woman,Faroese-old-woman,Faroese-female,Faroese-female-model,Faroese-female-actor
Fijian-baby-girl,Fijian-Toddlerhood-girl,Fijian-young-girl,Fijian-girl,Fijian-teenage-girl,Fijian-young-woman,Fijian-middle-aged-woman,Fijian-woman,Fijian-old-woman,Fijian-female,Fijian-female-model,Fijian-female-actor
Filipino-baby-girl,Filipino-Toddlerhood-girl,Filipino-young-girl,Filipino-girl,Filipino-teenage-girl,Filipino-young-woman,Filipino-middle-aged-woman,Filipino-woman,Filipino-old-woman,Filipino-female,Filipino-female-model,Filipino-female-actor
Finnish-baby-girl,Finnish-Toddlerhood-girl,Finnish-young-girl,Finnish-girl,Finnish-teenage-girl,Finnish-young-woman,Finnish-middle-aged-woman,Finnish-woman,Finnish-old-woman,Finnish-female,Finnish-female-model,Finnish-female-actor
French-baby-girl,French-Toddlerhood-girl,French-young-girl,French-girl,French-teenage-girl,French-young-woman,French-middle-aged-woman,French-woman,French-old-woman,French-female,French-female-model,French-female-actor
Gabonese-baby-girl,Gabonese-Toddlerhood-girl,Gabonese-young-girl,Gabonese-girl,Gabonese-teenage-girl,Gabonese-young-woman,Gabonese-middle-aged-woman,Gabonese-woman,Gabonese-old-woman,Gabonese-female,Gabonese-female-model,Gabonese-female-actor
Gambian-baby-girl,Gambian-Toddlerhood-girl,Gambian-young-girl,Gambian-girl,Gambian-teenage-girl,Gambian-young-woman,Gambian-middle-aged-woman,Gambian-woman,Gambian-old-woman,Gambian-female,Gambian-female-model,Gambian-female-actor
Georgian-baby-girl,Georgian-Toddlerhood-girl,Georgian-young-girl,Georgian-girl,Georgian-teenage-girl,Georgian-young-woman,Georgian-middle-aged-woman,Georgian-woman,Georgian-old-woman,Georgian-female,Georgian-female-model,Georgian-female-actor
German-baby-girl,German-Toddlerhood-girl,German-young-girl,German-girl,German-teenage-girl,German-young-woman,German-middle-aged-woman,German-woman,German-old-woman,German-female,German-female-model,German-female-actor
Ghanaian-baby-girl,Ghanaian-Toddlerhood-girl,Ghanaian-young-girl,Ghanaian-girl,Ghanaian-teenage-girl,Ghanaian-young-woman,Ghanaian-middle-aged-woman,Ghanaian-woman,Ghanaian-old-woman,Ghanaian-female,Ghanaian-female-model,Ghanaian-female-actor
Gibraltarian-baby-girl,Gibraltarian-Toddlerhood-girl,Gibraltarian-young-girl,Gibraltarian-girl,Gibraltarian-teenage-girl,Gibraltarian-young-woman,Gibraltarian-middle-aged-woman,Gibraltarian-woman,Gibraltarian-old-woman,Gibraltarian-female,Gibraltarian-female-model,Gibraltarian-female-actor
Greek-baby-girl,Greek-Toddlerhood-girl,Greek-young-girl,Greek-girl,Greek-teenage-girl,Greek-young-woman,Greek-middle-aged-woman,Greek-woman,Greek-old-woman,Greek-female,Greek-female-model,Greek-female-actor
Greenlandic-baby-girl,Greenlandic-Toddlerhood-girl,Greenlandic-young-girl,Greenlandic-girl,Greenlandic-teenage-girl,Greenlandic-young-woman,Greenlandic-middle-aged-woman,Greenlandic-woman,Greenlandic-old-woman,Greenlandic-female,Greenlandic-female-model,Greenlandic-female-actor
Grenadian-baby-girl,Grenadian-Toddlerhood-girl,Grenadian-young-girl,Grenadian-girl,Grenadian-teenage-girl,Grenadian-young-woman,Grenadian-middle-aged-woman,Grenadian-woman,Grenadian-old-woman,Grenadian-female,Grenadian-female-model,Grenadian-female-actor
Guamanian-baby-girl,Guamanian-Toddlerhood-girl,Guamanian-young-girl,Guamanian-girl,Guamanian-teenage-girl,Guamanian-young-woman,Guamanian-middle-aged-woman,Guamanian-woman,Guamanian-old-woman,Guamanian-female,Guamanian-female-model,Guamanian-female-actor
Guatemalan-baby-girl,Guatemalan-Toddlerhood-girl,Guatemalan-young-girl,Guatemalan-girl,Guatemalan-teenage-girl,Guatemalan-young-woman,Guatemalan-middle-aged-woman,Guatemalan-woman,Guatemalan-old-woman,Guatemalan-female,Guatemalan-female-model,Guatemalan-female-actor
Guinean-baby-girl,Guinean-Toddlerhood-girl,Guinean-young-girl,Guinean-girl,Guinean-teenage-girl,Guinean-young-woman,Guinean-middle-aged-woman,Guinean-woman,Guinean-old-woman,Guinean-female,Guinean-female-model,Guinean-female-actor
Guyanese-baby-girl,Guyanese-Toddlerhood-girl,Guyanese-young-girl,Guyanese-girl,Guyanese-teenage-girl,Guyanese-young-woman,Guyanese-middle-aged-woman,Guyanese-woman,Guyanese-old-woman,Guyanese-female,Guyanese-female-model,Guyanese-female-actor
Haitian-baby-girl,Haitian-Toddlerhood-girl,Haitian-young-girl,Haitian-girl,Haitian-teenage-girl,Haitian-young-woman,Haitian-middle-aged-woman,Haitian-woman,Haitian-old-woman,Haitian-female,Haitian-female-model,Haitian-female-actor
Honduran-baby-girl,Honduran-Toddlerhood-girl,Honduran-young-girl,Honduran-girl,Honduran-teenage-girl,Honduran-young-woman,Honduran-middle-aged-woman,Honduran-woman,Honduran-old-woman,Honduran-female,Honduran-female-model,Honduran-female-actor
Hong Konger-baby-girl,Hong Konger-Toddlerhood-girl,Hong Konger-young-girl,Hong Konger-girl,Hong Konger-teenage-girl,Hong Konger-young-woman,Hong Konger-middle-aged-woman,Hong Konger-woman,Hong Konger-old-woman,Hong Konger-female,Hong Konger-female-model,Hong Konger-female-actor
Hungarian-baby-girl,Hungarian-Toddlerhood-girl,Hungarian-young-girl,Hungarian-girl,Hungarian-teenage-girl,Hungarian-young-woman,Hungarian-middle-aged-woman,Hungarian-woman,Hungarian-old-woman,Hungarian-female,Hungarian-female-model,Hungarian-female-actor
Icelandic-baby-girl,Icelandic-Toddlerhood-girl,Icelandic-young-girl,Icelandic-girl,Icelandic-teenage-girl,Icelandic-young-woman,Icelandic-middle-aged-woman,Icelandic-woman,Icelandic-old-woman,Icelandic-female,Icelandic-female-model,Icelandic-female-actor
Indian-baby-girl,Indian-Toddlerhood-girl,Indian-young-girl,Indian-girl,Indian-teenage-girl,Indian-young-woman,Indian-middle-aged-woman,Indian-woman,Indian-old-woman,Indian-female,Indian-female-model,Indian-female-actor
Indonesian-baby-girl,Indonesian-Toddlerhood-girl,Indonesian-young-girl,Indonesian-girl,Indonesian-teenage-girl,Indonesian-young-woman,Indonesian-middle-aged-woman,Indonesian-woman,Indonesian-old-woman,Indonesian-female,Indonesian-female-model,Indonesian-female-actor
Iranian-baby-girl,Iranian-Toddlerhood-girl,Iranian-young-girl,Iranian-girl,Iranian-teenage-girl,Iranian-young-woman,Iranian-middle-aged-woman,Iranian-woman,Iranian-old-woman,Iranian-female,Iranian-female-model,Iranian-female-actor
Iraqi-baby-girl,Iraqi-Toddlerhood-girl,Iraqi-young-girl,Iraqi-girl,Iraqi-teenage-girl,Iraqi-young-woman,Iraqi-middle-aged-woman,Iraqi-woman,Iraqi-old-woman,Iraqi-female,Iraqi-female-model,Iraqi-female-actor
Irish-baby-girl,Irish-Toddlerhood-girl,Irish-young-girl,Irish-girl,Irish-teenage-girl,Irish-young-woman,Irish-middle-aged-woman,Irish-woman,Irish-old-woman,Irish-female,Irish-female-model,Irish-female-actor
Israeli-baby-girl,Israeli-Toddlerhood-girl,Israeli-young-girl,Israeli-girl,Israeli-teenage-girl,Israeli-young-woman,Israeli-middle-aged-woman,Israeli-woman,Israeli-old-woman,Israeli-female,Israeli-female-model,Israeli-female-actor
Italian-baby-girl,Italian-Toddlerhood-girl,Italian-young-girl,Italian-girl,Italian-teenage-girl,Italian-young-woman,Italian-middle-aged-woman,Italian-woman,Italian-old-woman,Italian-female,Italian-female-model,Italian-female-actor
Ivorian-baby-girl,Ivorian-Toddlerhood-girl,Ivorian-young-girl,Ivorian-girl,Ivorian-teenage-girl,Ivorian-young-woman,Ivorian-middle-aged-woman,Ivorian-woman,Ivorian-old-woman,Ivorian-female,Ivorian-female-model,Ivorian-female-actor
Jamaican-baby-girl,Jamaican-Toddlerhood-girl,Jamaican-young-girl,Jamaican-girl,Jamaican-teenage-girl,Jamaican-young-woman,Jamaican-middle-aged-woman,Jamaican-woman,Jamaican-old-woman,Jamaican-female,Jamaican-female-model,Jamaican-female-actor
Japanese-baby-girl,Japanese-Toddlerhood-girl,Japanese-young-girl,Japanese-girl,Japanese-teenage-girl,Japanese-young-woman,Japanese-middle-aged-woman,Japanese-woman,Japanese-old-woman,Japanese-female,Japanese-female-model,Japanese-female-actor
Jordanian-baby-girl,Jordanian-Toddlerhood-girl,Jordanian-young-girl,Jordanian-girl,Jordanian-teenage-girl,Jordanian-young-woman,Jordanian-middle-aged-woman,Jordanian-woman,Jordanian-old-woman,Jordanian-female,Jordanian-female-model,Jordanian-female-actor
Kazakh-baby-girl,Kazakh-Toddlerhood-girl,Kazakh-young-girl,Kazakh-girl,Kazakh-teenage-girl,Kazakh-young-woman,Kazakh-middle-aged-woman,Kazakh-woman,Kazakh-old-woman,Kazakh-female,Kazakh-female-model,Kazakh-female-actor
Kenyan-baby-girl,Kenyan-Toddlerhood-girl,Kenyan-young-girl,Kenyan-girl,Kenyan-teenage-girl,Kenyan-young-woman,Kenyan-middle-aged-woman,Kenyan-woman,Kenyan-old-woman,Kenyan-female,Kenyan-female-model,Kenyan-female-actor
Kittitian-baby-girl,Kittitian-Toddlerhood-girl,Kittitian-young-girl,Kittitian-girl,Kittitian-teenage-girl,Kittitian-young-woman,Kittitian-middle-aged-woman,Kittitian-woman,Kittitian-old-woman,Kittitian-female,Kittitian-female-model,Kittitian-female-actor
Kosovan-baby-girl,Kosovan-Toddlerhood-girl,Kosovan-young-girl,Kosovan-girl,Kosovan-teenage-girl,Kosovan-young-woman,Kosovan-middle-aged-woman,Kosovan-woman,Kosovan-old-woman,Kosovan-female,Kosovan-female-model,Kosovan-female-actor
Kuwaiti-baby-girl,Kuwaiti-Toddlerhood-girl,Kuwaiti-young-girl,Kuwaiti-girl,Kuwaiti-teenage-girl,Kuwaiti-young-woman,Kuwaiti-middle-aged-woman,Kuwaiti-woman,Kuwaiti-old-woman,Kuwaiti-female,Kuwaiti-female-model,Kuwaiti-female-actor
Kyrgyz-baby-girl,Kyrgyz-Toddlerhood-girl,Kyrgyz-young-girl,Kyrgyz-girl,Kyrgyz-teenage-girl,Kyrgyz-young-woman,Kyrgyz-middle-aged-woman,Kyrgyz-woman,Kyrgyz-old-woman,Kyrgyz-female,Kyrgyz-female-model,Kyrgyz-female-actor
Lao-baby-girl,Lao-Toddlerhood-girl,Lao-young-girl,Lao-girl,Lao-teenage-girl,Lao-young-woman,Lao-middle-aged-woman,Lao-woman,Lao-old-woman,Lao-female,Lao-female-model,Lao-female-actor
Latvian-baby-girl,Latvian-Toddlerhood-girl,Latvian-young-girl,Latvian-girl,Latvian-teenage-girl,Latvian-young-woman,Latvian-middle-aged-woman,Latvian-woman,Latvian-old-woman,Latvian-female,Latvian-female-model,Latvian-female-actor
Lebanese-baby-girl,Lebanese-Toddlerhood-girl,Lebanese-young-girl,Lebanese-girl,Lebanese-teenage-girl,Lebanese-young-woman,Lebanese-middle-aged-woman,Lebanese-woman,Lebanese-old-woman,Lebanese-female,Lebanese-female-model,Lebanese-female-actor
Liberian-baby-girl,Liberian-Toddlerhood-girl,Liberian-young-girl,Liberian-girl,Liberian-teenage-girl,Liberian-young-woman,Liberian-middle-aged-woman,Liberian-woman,Liberian-old-woman,Liberian-female,Liberian-female-model,Liberian-female-actor
Libyan-baby-girl,Libyan-Toddlerhood-girl,Libyan-young-girl,Libyan-girl,Libyan-teenage-girl,Libyan-young-woman,Libyan-middle-aged-woman,Libyan-woman,Libyan-old-woman,Libyan-female,Libyan-female-model,Libyan-female-actor
Liechtenstein citizen-baby-girl,Liechtenstein citizen-Toddlerhood-girl,Liechtenstein citizen-young-girl,Liechtenstein citizen-girl,Liechtenstein citizen-teenage-girl,Liechtenstein citizen-young-woman,Liechtenstein citizen-middle-aged-woman,Liechtenstein citizen-woman,Liechtenstein citizen-old-woman,Liechtenstein citizen-female,Liechtenstein citizen-female-model,Liechtenstein citizen-female-actor
Lithuanian-baby-girl,Lithuanian-Toddlerhood-girl,Lithuanian-young-girl,Lithuanian-girl,Lithuanian-teenage-girl,Lithuanian-young-woman,Lithuanian-middle-aged-woman,Lithuanian-woman,Lithuanian-old-woman,Lithuanian-female,Lithuanian-female-model,Lithuanian-female-actor
Luxembourger-baby-girl,Luxembourger-Toddlerhood-girl,Luxembourger-young-girl,Luxembourger-girl,Luxembourger-teenage-girl,Luxembourger-young-woman,Luxembourger-middle-aged-woman,Luxembourger-woman,Luxembourger-old-woman,Luxembourger-female,Luxembourger-female-model,Luxembourger-female-actor
Macanese-baby-girl,Macanese-Toddlerhood-girl,Macanese-young-girl,Macanese-girl,Macanese-teenage-girl,Macanese-young-woman,Macanese-middle-aged-woman,Macanese-woman,Macanese-old-woman,Macanese-female,Macanese-female-model,Macanese-female-actor
Macedonian-baby-girl,Macedonian-Toddlerhood-girl,Macedonian-young-girl,Macedonian-girl,Macedonian-teenage-girl,Macedonian-young-woman,Macedonian-middle-aged-woman,Macedonian-woman,Macedonian-old-woman,Macedonian-female,Macedonian-female-model,Macedonian-female-actor
Malagasy-baby-girl,Malagasy-Toddlerhood-girl,Malagasy-young-girl,Malagasy-girl,Malagasy-teenage-girl,Malagasy-young-woman,Malagasy-middle-aged-woman,Malagasy-woman,Malagasy-old-woman,Malagasy-female,Malagasy-female-model,Malagasy-female-actor
Malawian-baby-girl,Malawian-Toddlerhood-girl,Malawian-young-girl,Malawian-girl,Malawian-teenage-girl,Malawian-young-woman,Malawian-middle-aged-woman,Malawian-woman,Malawian-old-woman,Malawian-female,Malawian-female-model,Malawian-female-actor
Malaysian-baby-girl,Malaysian-Toddlerhood-girl,Malaysian-young-girl,Malaysian-girl,Malaysian-teenage-girl,Malaysian-young-woman,Malaysian-middle-aged-woman,Malaysian-woman,Malaysian-old-woman,Malaysian-female,Malaysian-female-model,Malaysian-female-actor
Maldivian-baby-girl,Maldivian-Toddlerhood-girl,Maldivian-young-girl,Maldivian-girl,Maldivian-teenage-girl,Maldivian-young-woman,Maldivian-middle-aged-woman,Maldivian-woman,Maldivian-old-woman,Maldivian-female,Maldivian-female-model,Maldivian-female-actor
Malian-baby-girl,Malian-Toddlerhood-girl,Malian-young-girl,Malian-girl,Malian-teenage-girl,Malian-young-woman,Malian-middle-aged-woman,Malian-woman,Malian-old-woman,Malian-female,Malian-female-model,Malian-female-actor
Maltese-baby-girl,Maltese-Toddlerhood-girl,Maltese-young-girl,Maltese-girl,Maltese-teenage-girl,Maltese-young-woman,Maltese-middle-aged-woman,Maltese-woman,Maltese-old-woman,Maltese-female,Maltese-female-model,Maltese-female-actor
Marshallese-baby-girl,Marshallese-Toddlerhood-girl,Marshallese-young-girl,Marshallese-girl,Marshallese-teenage-girl,Marshallese-young-woman,Marshallese-middle-aged-woman,Marshallese-woman,Marshallese-old-woman,Marshallese-female,Marshallese-female-model,Marshallese-female-actor
Martiniquais-baby-girl,Martiniquais-Toddlerhood-girl,Martiniquais-young-girl,Martiniquais-girl,Martiniquais-teenage-girl,Martiniquais-young-woman,Martiniquais-middle-aged-woman,Martiniquais-woman,Martiniquais-old-woman,Martiniquais-female,Martiniquais-female-model,Martiniquais-female-actor
Mauritanian-baby-girl,Mauritanian-Toddlerhood-girl,Mauritanian-young-girl,Mauritanian-girl,Mauritanian-teenage-girl,Mauritanian-young-woman,Mauritanian-middle-aged-woman,Mauritanian-woman,Mauritanian-old-woman,Mauritanian-female,Mauritanian-female-model,Mauritanian-female-actor
Mauritian-baby-girl,Mauritian-Toddlerhood-girl,Mauritian-young-girl,Mauritian-girl,Mauritian-teenage-girl,Mauritian-young-woman,Mauritian-middle-aged-woman,Mauritian-woman,Mauritian-old-woman,Mauritian-female,Mauritian-female-model,Mauritian-female-actor
Mexican-baby-girl,Mexican-Toddlerhood-girl,Mexican-young-girl,Mexican-girl,Mexican-teenage-girl,Mexican-young-woman,Mexican-middle-aged-woman,Mexican-woman,Mexican-old-woman,Mexican-female,Mexican-female-model,Mexican-female-actor
Micronesian-baby-girl,Micronesian-Toddlerhood-girl,Micronesian-young-girl,Micronesian-girl,Micronesian-teenage-girl,Micronesian-young-woman,Micronesian-middle-aged-woman,Micronesian-woman,Micronesian-old-woman,Micronesian-female,Micronesian-female-model,Micronesian-female-actor
Moldovan-baby-girl,Moldovan-Toddlerhood-girl,Moldovan-young-girl,Moldovan-girl,Moldovan-teenage-girl,Moldovan-young-woman,Moldovan-middle-aged-woman,Moldovan-woman,Moldovan-old-woman,Moldovan-female,Moldovan-female-model,Moldovan-female-actor
Monegasque-baby-girl,Monegasque-Toddlerhood-girl,Monegasque-young-girl,Monegasque-girl,Monegasque-teenage-girl,Monegasque-young-woman,Monegasque-middle-aged-woman,Monegasque-woman,Monegasque-old-woman,Monegasque-female,Monegasque-female-model,Monegasque-female-actor
Mongolian-baby-girl,Mongolian-Toddlerhood-girl,Mongolian-young-girl,Mongolian-girl,Mongolian-teenage-girl,Mongolian-young-woman,Mongolian-middle-aged-woman,Mongolian-woman,Mongolian-old-woman,Mongolian-female,Mongolian-female-model,Mongolian-female-actor
Montenegrin-baby-girl,Montenegrin-Toddlerhood-girl,Montenegrin-young-girl,Montenegrin-girl,Montenegrin-teenage-girl,Montenegrin-young-woman,Montenegrin-middle-aged-woman,Montenegrin-woman,Montenegrin-old-woman,Montenegrin-female,Montenegrin-female-model,Montenegrin-female-actor
Montserratian-baby-girl,Montserratian-Toddlerhood-girl,Montserratian-young-girl,Montserratian-girl,Montserratian-teenage-girl,Montserratian-young-woman,Montserratian-middle-aged-woman,Montserratian-woman,Montserratian-old-woman,Montserratian-female,Montserratian-female-model,Montserratian-female-actor
Moroccan-baby-girl,Moroccan-Toddlerhood-girl,Moroccan-young-girl,Moroccan-girl,Moroccan-teenage-girl,Moroccan-young-woman,Moroccan-middle-aged-woman,Moroccan-woman,Moroccan-old-woman,Moroccan-female,Moroccan-female-model,Moroccan-female-actor
Mosotho-baby-girl,Mosotho-Toddlerhood-girl,Mosotho-young-girl,Mosotho-girl,Mosotho-teenage-girl,Mosotho-young-woman,Mosotho-middle-aged-woman,Mosotho-woman,Mosotho-old-woman,Mosotho-female,Mosotho-female-model,Mosotho-female-actor
Mozambican-baby-girl,Mozambican-Toddlerhood-girl,Mozambican-young-girl,Mozambican-girl,Mozambican-teenage-girl,Mozambican-young-woman,Mozambican-middle-aged-woman,Mozambican-woman,Mozambican-old-woman,Mozambican-female,Mozambican-female-model,Mozambican-female-actor
Namibian-baby-girl,Namibian-Toddlerhood-girl,Namibian-young-girl,Namibian-girl,Namibian-teenage-girl,Namibian-young-woman,Namibian-middle-aged-woman,Namibian-woman,Namibian-old-woman,Namibian-female,Namibian-female-model,Namibian-female-actor
Nauruan-baby-girl,Nauruan-Toddlerhood-girl,Nauruan-young-girl,Nauruan-girl,Nauruan-teenage-girl,Nauruan-young-woman,Nauruan-middle-aged-woman,Nauruan-woman,Nauruan-old-woman,Nauruan-female,Nauruan-female-model,Nauruan-female-actor
Nepalese-baby-girl,Nepalese-Toddlerhood-girl,Nepalese-young-girl,Nepalese-girl,Nepalese-teenage-girl,Nepalese-young-woman,Nepalese-middle-aged-woman,Nepalese-woman,Nepalese-old-woman,Nepalese-female,Nepalese-female-model,Nepalese-female-actor
New Zealander-baby-girl,New Zealander-Toddlerhood-girl,New Zealander-young-girl,New Zealander-girl,New Zealander-teenage-girl,New Zealander-young-woman,New Zealander-middle-aged-woman,New Zealander-woman,New Zealander-old-woman,New Zealander-female,New Zealander-female-model,New Zealander-female-actor
Nicaraguan-baby-girl,Nicaraguan-Toddlerhood-girl,Nicaraguan-young-girl,Nicaraguan-girl,Nicaraguan-teenage-girl,Nicaraguan-young-woman,Nicaraguan-middle-aged-woman,Nicaraguan-woman,Nicaraguan-old-woman,Nicaraguan-female,Nicaraguan-female-model,Nicaraguan-female-actor
Nigerian-baby-girl,Nigerian-Toddlerhood-girl,Nigerian-young-girl,Nigerian-girl,Nigerian-teenage-girl,Nigerian-young-woman,Nigerian-middle-aged-woman,Nigerian-woman,Nigerian-old-woman,Nigerian-female,Nigerian-female-model,Nigerian-female-actor
Nigerien-baby-girl,Nigerien-Toddlerhood-girl,Nigerien-young-girl,Nigerien-girl,Nigerien-teenage-girl,Nigerien-young-woman,Nigerien-middle-aged-woman,Nigerien-woman,Nigerien-old-woman,Nigerien-female,Nigerien-female-model,Nigerien-female-actor
Niuean-baby-girl,Niuean-Toddlerhood-girl,Niuean-young-girl,Niuean-girl,Niuean-teenage-girl,Niuean-young-woman,Niuean-middle-aged-woman,Niuean-woman,Niuean-old-woman,Niuean-female,Niuean-female-model,Niuean-female-actor
North Korean-baby-girl,North Korean-Toddlerhood-girl,North Korean-young-girl,North Korean-girl,North Korean-teenage-girl,North Korean-young-woman,North Korean-middle-aged-woman,North Korean-woman,North Korean-old-woman,North Korean-female,North Korean-female-model,North Korean-female-actor
Northern Irish-baby-girl,Northern Irish-Toddlerhood-girl,Northern Irish-young-girl,Northern Irish-girl,Northern Irish-teenage-girl,Northern Irish-young-woman,Northern Irish-middle-aged-woman,Northern Irish-woman,Northern Irish-old-woman,Northern Irish-female,Northern Irish-female-model,Northern Irish-female-actor
Norwegian-baby-girl,Norwegian-Toddlerhood-girl,Norwegian-young-girl,Norwegian-girl,Norwegian-teenage-girl,Norwegian-young-woman,Norwegian-middle-aged-woman,Norwegian-woman,Norwegian-old-woman,Norwegian-female,Norwegian-female-model,Norwegian-female-actor
Omani-baby-girl,Omani-Toddlerhood-girl,Omani-young-girl,Omani-girl,Omani-teenage-girl,Omani-young-woman,Omani-middle-aged-woman,Omani-woman,Omani-old-woman,Omani-female,Omani-female-model,Omani-female-actor
Pakistani-baby-girl,Pakistani-Toddlerhood-girl,Pakistani-young-girl,Pakistani-girl,Pakistani-teenage-girl,Pakistani-young-woman,Pakistani-middle-aged-woman,Pakistani-woman,Pakistani-old-woman,Pakistani-female,Pakistani-female-model,Pakistani-female-actor
Palauan-baby-girl,Palauan-Toddlerhood-girl,Palauan-young-girl,Palauan-girl,Palauan-teenage-girl,Palauan-young-woman,Palauan-middle-aged-woman,Palauan-woman,Palauan-old-woman,Palauan-female,Palauan-female-model,Palauan-female-actor
Palestinian-baby-girl,Palestinian-Toddlerhood-girl,Palestinian-young-girl,Palestinian-girl,Palestinian-teenage-girl,Palestinian-young-woman,Palestinian-middle-aged-woman,Palestinian-woman,Palestinian-old-woman,Palestinian-female,Palestinian-female-model,Palestinian-female-actor
Panamanian-baby-girl,Panamanian-Toddlerhood-girl,Panamanian-young-girl,Panamanian-girl,Panamanian-teenage-girl,Panamanian-young-woman,Panamanian-middle-aged-woman,Panamanian-woman,Panamanian-old-woman,Panamanian-female,Panamanian-female-model,Panamanian-female-actor
Papua New Guinean-baby-girl,Papua New Guinean-Toddlerhood-girl,Papua New Guinean-young-girl,Papua New Guinean-girl,Papua New Guinean-teenage-girl,Papua New Guinean-young-woman,Papua New Guinean-middle-aged-woman,Papua New Guinean-woman,Papua New Guinean-old-woman,Papua New Guinean-female,Papua New Guinean-female-model,Papua New Guinean-female-actor
Paraguayan-baby-girl,Paraguayan-Toddlerhood-girl,Paraguayan-young-girl,Paraguayan-girl,Paraguayan-teenage-girl,Paraguayan-young-woman,Paraguayan-middle-aged-woman,Paraguayan-woman,Paraguayan-old-woman,Paraguayan-female,Paraguayan-female-model,Paraguayan-female-actor
Peruvian-baby-girl,Peruvian-Toddlerhood-girl,Peruvian-young-girl,Peruvian-girl,Peruvian-teenage-girl,Peruvian-young-woman,Peruvian-middle-aged-woman,Peruvian-woman,Peruvian-old-woman,Peruvian-female,Peruvian-female-model,Peruvian-female-actor
Pitcairn Islander-baby-girl,Pitcairn Islander-Toddlerhood-girl,Pitcairn Islander-young-girl,Pitcairn Islander-girl,Pitcairn Islander-teenage-girl,Pitcairn Islander-young-woman,Pitcairn Islander-middle-aged-woman,Pitcairn Islander-woman,Pitcairn Islander-old-woman,Pitcairn Islander-female,Pitcairn Islander-female-model,Pitcairn Islander-female-actor
Polish-baby-girl,Polish-Toddlerhood-girl,Polish-young-girl,Polish-girl,Polish-teenage-girl,Polish-young-woman,Polish-middle-aged-woman,Polish-woman,Polish-old-woman,Polish-female,Polish-female-model,Polish-female-actor
Portuguese-baby-girl,Portuguese-Toddlerhood-girl,Portuguese-young-girl,Portuguese-girl,Portuguese-teenage-girl,Portuguese-young-woman,Portuguese-middle-aged-woman,Portuguese-woman,Portuguese-old-woman,Portuguese-female,Portuguese-female-model,Portuguese-female-actor
Prydeinig-baby-girl,Prydeinig-Toddlerhood-girl,Prydeinig-young-girl,Prydeinig-girl,Prydeinig-teenage-girl,Prydeinig-young-woman,Prydeinig-middle-aged-woman,Prydeinig-woman,Prydeinig-old-woman,Prydeinig-female,Prydeinig-female-model,Prydeinig-female-actor
Puerto Rican-baby-girl,Puerto Rican-Toddlerhood-girl,Puerto Rican-young-girl,Puerto Rican-girl,Puerto Rican-teenage-girl,Puerto Rican-young-woman,Puerto Rican-middle-aged-woman,Puerto Rican-woman,Puerto Rican-old-woman,Puerto Rican-female,Puerto Rican-female-model,Puerto Rican-female-actor
Qatari-baby-girl,Qatari-Toddlerhood-girl,Qatari-young-girl,Qatari-girl,Qatari-teenage-girl,Qatari-young-woman,Qatari-middle-aged-woman,Qatari-woman,Qatari-old-woman,Qatari-female,Qatari-female-model,Qatari-female-actor
Romanian-baby-girl,Romanian-Toddlerhood-girl,Romanian-young-girl,Romanian-girl,Romanian-teenage-girl,Romanian-young-woman,Romanian-middle-aged-woman,Romanian-woman,Romanian-old-woman,Romanian-female,Romanian-female-model,Romanian-female-actor
Russian-baby-girl,Russian-Toddlerhood-girl,Russian-young-girl,Russian-girl,Russian-teenage-girl,Russian-young-woman,Russian-middle-aged-woman,Russian-woman,Russian-old-woman,Russian-female,Russian-female-model,Russian-female-actor
Rwandan-baby-girl,Rwandan-Toddlerhood-girl,Rwandan-young-girl,Rwandan-girl,Rwandan-teenage-girl,Rwandan-young-woman,Rwandan-middle-aged-woman,Rwandan-woman,Rwandan-old-woman,Rwandan-female,Rwandan-female-model,Rwandan-female-actor
Salvadorean-baby-girl,Salvadorean-Toddlerhood-girl,Salvadorean-young-girl,Salvadorean-girl,Salvadorean-teenage-girl,Salvadorean-young-woman,Salvadorean-middle-aged-woman,Salvadorean-woman,Salvadorean-old-woman,Salvadorean-female,Salvadorean-female-model,Salvadorean-female-actor
Sammarinese-baby-girl,Sammarinese-Toddlerhood-girl,Sammarinese-young-girl,Sammarinese-girl,Sammarinese-teenage-girl,Sammarinese-young-woman,Sammarinese-middle-aged-woman,Sammarinese-woman,Sammarinese-old-woman,Sammarinese-female,Sammarinese-female-model,Sammarinese-female-actor
Samoan-baby-girl,Samoan-Toddlerhood-girl,Samoan-young-girl,Samoan-girl,Samoan-teenage-girl,Samoan-young-woman,Samoan-middle-aged-woman,Samoan-woman,Samoan-old-woman,Samoan-female,Samoan-female-model,Samoan-female-actor
Sao Tomean-baby-girl,Sao Tomean-Toddlerhood-girl,Sao Tomean-young-girl,Sao Tomean-girl,Sao Tomean-teenage-girl,Sao Tomean-young-woman,Sao Tomean-middle-aged-woman,Sao Tomean-woman,Sao Tomean-old-woman,Sao Tomean-female,Sao Tomean-female-model,Sao Tomean-female-actor
Saudi Arabian-baby-girl,Saudi Arabian-Toddlerhood-girl,Saudi Arabian-young-girl,Saudi Arabian-girl,Saudi Arabian-teenage-girl,Saudi Arabian-young-woman,Saudi Arabian-middle-aged-woman,Saudi Arabian-woman,Saudi Arabian-old-woman,Saudi Arabian-female,Saudi Arabian-female-model,Saudi Arabian-female-actor
Scottish-baby-girl,Scottish-Toddlerhood-girl,Scottish-young-girl,Scottish-girl,Scottish-teenage-girl,Scottish-young-woman,Scottish-middle-aged-woman,Scottish-woman,Scottish-old-woman,Scottish-female,Scottish-female-model,Scottish-female-actor
Senegalese-baby-girl,Senegalese-Toddlerhood-girl,Senegalese-young-girl,Senegalese-girl,Senegalese-teenage-girl,Senegalese-young-woman,Senegalese-middle-aged-woman,Senegalese-woman,Senegalese-old-woman,Senegalese-female,Senegalese-female-model,Senegalese-female-actor
Serbian-baby-girl,Serbian-Toddlerhood-girl,Serbian-young-girl,Serbian-girl,Serbian-teenage-girl,Serbian-young-woman,Serbian-middle-aged-woman,Serbian-woman,Serbian-old-woman,Serbian-female,Serbian-female-model,Serbian-female-actor
Sierra Leonean-baby-girl,Sierra Leonean-Toddlerhood-girl,Sierra Leonean-young-girl,Sierra Leonean-girl,Sierra Leonean-teenage-girl,Sierra Leonean-young-woman,Sierra Leonean-middle-aged-woman,Sierra Leonean-woman,Sierra Leonean-old-woman,Sierra Leonean-female,Sierra Leonean-female-model,Sierra Leonean-female-actor
Singaporean-baby-girl,Singaporean-Toddlerhood-girl,Singaporean-young-girl,Singaporean-girl,Singaporean-teenage-girl,Singaporean-young-woman,Singaporean-middle-aged-woman,Singaporean-woman,Singaporean-old-woman,Singaporean-female,Singaporean-female-model,Singaporean-female-actor
Slovak-baby-girl,Slovak-Toddlerhood-girl,Slovak-young-girl,Slovak-girl,Slovak-teenage-girl,Slovak-young-woman,Slovak-middle-aged-woman,Slovak-woman,Slovak-old-woman,Slovak-female,Slovak-female-model,Slovak-female-actor
Slovenian-baby-girl,Slovenian-Toddlerhood-girl,Slovenian-young-girl,Slovenian-girl,Slovenian-teenage-girl,Slovenian-young-woman,Slovenian-middle-aged-woman,Slovenian-woman,Slovenian-old-woman,Slovenian-female,Slovenian-female-model,Slovenian-female-actor
Solomon Islander-baby-girl,Solomon Islander-Toddlerhood-girl,Solomon Islander-young-girl,Solomon Islander-girl,Solomon Islander-teenage-girl,Solomon Islander-young-woman,Solomon Islander-middle-aged-woman,Solomon Islander-woman,Solomon Islander-old-woman,Solomon Islander-female,Solomon Islander-female-model,Solomon Islander-female-actor
Somali-baby-girl,Somali-Toddlerhood-girl,Somali-young-girl,Somali-girl,Somali-teenage-girl,Somali-young-woman,Somali-middle-aged-woman,Somali-woman,Somali-old-woman,Somali-female,Somali-female-model,Somali-female-actor
South African-baby-girl,South African-Toddlerhood-girl,South African-young-girl,South African-girl,South African-teenage-girl,South African-young-woman,South African-middle-aged-woman,South African-woman,South African-old-woman,South African-female,South African-female-model,South African-female-actor
South Korean-baby-girl,South Korean-Toddlerhood-girl,South Korean-young-girl,South Korean-girl,South Korean-teenage-girl,South Korean-young-woman,South Korean-middle-aged-woman,South Korean-woman,South Korean-old-woman,South Korean-female,South Korean-female-model,South Korean-female-actor
South Sudanese-baby-girl,South Sudanese-Toddlerhood-girl,South Sudanese-young-girl,South Sudanese-girl,South Sudanese-teenage-girl,South Sudanese-young-woman,South Sudanese-middle-aged-woman,South Sudanese-woman,South Sudanese-old-woman,South Sudanese-female,South Sudanese-female-model,South Sudanese-female-actor
Spanish-baby-girl,Spanish-Toddlerhood-girl,Spanish-young-girl,Spanish-girl,Spanish-teenage-girl,Spanish-young-woman,Spanish-middle-aged-woman,Spanish-woman,Spanish-old-woman,Spanish-female,Spanish-female-model,Spanish-female-actor
Sri Lankan-baby-girl,Sri Lankan-Toddlerhood-girl,Sri Lankan-young-girl,Sri Lankan-girl,Sri Lankan-teenage-girl,Sri Lankan-young-woman,Sri Lankan-middle-aged-woman,Sri Lankan-woman,Sri Lankan-old-woman,Sri Lankan-female,Sri Lankan-female-model,Sri Lankan-female-actor
St Helenian-baby-girl,St Helenian-Toddlerhood-girl,St Helenian-young-girl,St Helenian-girl,St Helenian-teenage-girl,St Helenian-young-woman,St Helenian-middle-aged-woman,St Helenian-woman,St Helenian-old-woman,St Helenian-female,St Helenian-female-model,St Helenian-female-actor
St Lucian-baby-girl,St Lucian-Toddlerhood-girl,St Lucian-young-girl,St Lucian-girl,St Lucian-teenage-girl,St Lucian-young-woman,St Lucian-middle-aged-woman,St Lucian-woman,St Lucian-old-woman,St Lucian-female,St Lucian-female-model,St Lucian-female-actor
Stateless-baby-girl,Stateless-Toddlerhood-girl,Stateless-young-girl,Stateless-girl,Stateless-teenage-girl,Stateless-young-woman,Stateless-middle-aged-woman,Stateless-woman,Stateless-old-woman,Stateless-female,Stateless-female-model,Stateless-female-actor
Sudanese-baby-girl,Sudanese-Toddlerhood-girl,Sudanese-young-girl,Sudanese-girl,Sudanese-teenage-girl,Sudanese-young-woman,Sudanese-middle-aged-woman,Sudanese-woman,Sudanese-old-woman,Sudanese-female,Sudanese-female-model,Sudanese-female-actor
Surinamese-baby-girl,Surinamese-Toddlerhood-girl,Surinamese-young-girl,Surinamese-girl,Surinamese-teenage-girl,Surinamese-young-woman,Surinamese-middle-aged-woman,Surinamese-woman,Surinamese-old-woman,Surinamese-female,Surinamese-female-model,Surinamese-female-actor
Swazi-baby-girl,Swazi-Toddlerhood-girl,Swazi-young-girl,Swazi-girl,Swazi-teenage-girl,Swazi-young-woman,Swazi-middle-aged-woman,Swazi-woman,Swazi-old-woman,Swazi-female,Swazi-female-model,Swazi-female-actor
Swedish-baby-girl,Swedish-Toddlerhood-girl,Swedish-young-girl,Swedish-girl,Swedish-teenage-girl,Swedish-young-woman,Swedish-middle-aged-woman,Swedish-woman,Swedish-old-woman,Swedish-female,Swedish-female-model,Swedish-female-actor
Swiss-baby-girl,Swiss-Toddlerhood-girl,Swiss-young-girl,Swiss-girl,Swiss-teenage-girl,Swiss-young-woman,Swiss-middle-aged-woman,Swiss-woman,Swiss-old-woman,Swiss-female,Swiss-female-model,Swiss-female-actor
Syrian-baby-girl,Syrian-Toddlerhood-girl,Syrian-young-girl,Syrian-girl,Syrian-teenage-girl,Syrian-young-woman,Syrian-middle-aged-woman,Syrian-woman,Syrian-old-woman,Syrian-female,Syrian-female-model,Syrian-female-actor
Taiwanese-baby-girl,Taiwanese-Toddlerhood-girl,Taiwanese-young-girl,Taiwanese-girl,Taiwanese-teenage-girl,Taiwanese-young-woman,Taiwanese-middle-aged-woman,Taiwanese-woman,Taiwanese-old-woman,Taiwanese-female,Taiwanese-female-model,Taiwanese-female-actor
Tajik-baby-girl,Tajik-Toddlerhood-girl,Tajik-young-girl,Tajik-girl,Tajik-teenage-girl,Tajik-young-woman,Tajik-middle-aged-woman,Tajik-woman,Tajik-old-woman,Tajik-female,Tajik-female-model,Tajik-female-actor
Tanzanian-baby-girl,Tanzanian-Toddlerhood-girl,Tanzanian-young-girl,Tanzanian-girl,Tanzanian-teenage-girl,Tanzanian-young-woman,Tanzanian-middle-aged-woman,Tanzanian-woman,Tanzanian-old-woman,Tanzanian-female,Tanzanian-female-model,Tanzanian-female-actor
Thai-baby-girl,Thai-Toddlerhood-girl,Thai-young-girl,Thai-girl,Thai-teenage-girl,Thai-young-woman,Thai-middle-aged-woman,Thai-woman,Thai-old-woman,Thai-female,Thai-female-model,Thai-female-actor
Togolese-baby-girl,Togolese-Toddlerhood-girl,Togolese-young-girl,Togolese-girl,Togolese-teenage-girl,Togolese-young-woman,Togolese-middle-aged-woman,Togolese-woman,Togolese-old-woman,Togolese-female,Togolese-female-model,Togolese-female-actor
Tongan-baby-girl,Tongan-Toddlerhood-girl,Tongan-young-girl,Tongan-girl,Tongan-teenage-girl,Tongan-young-woman,Tongan-middle-aged-woman,Tongan-woman,Tongan-old-woman,Tongan-female,Tongan-female-model,Tongan-female-actor
Trinidadian-baby-girl,Trinidadian-Toddlerhood-girl,Trinidadian-young-girl,Trinidadian-girl,Trinidadian-teenage-girl,Trinidadian-young-woman,Trinidadian-middle-aged-woman,Trinidadian-woman,Trinidadian-old-woman,Trinidadian-female,Trinidadian-female-model,Trinidadian-female-actor
Tristanian-baby-girl,Tristanian-Toddlerhood-girl,Tristanian-young-girl,Tristanian-girl,Tristanian-teenage-girl,Tristanian-young-woman,Tristanian-middle-aged-woman,Tristanian-woman,Tristanian-old-woman,Tristanian-female,Tristanian-female-model,Tristanian-female-actor
Tunisian-baby-girl,Tunisian-Toddlerhood-girl,Tunisian-young-girl,Tunisian-girl,Tunisian-teenage-girl,Tunisian-young-woman,Tunisian-middle-aged-woman,Tunisian-woman,Tunisian-old-woman,Tunisian-female,Tunisian-female-model,Tunisian-female-actor
Turkish-baby-girl,Turkish-Toddlerhood-girl,Turkish-young-girl,Turkish-girl,Turkish-teenage-girl,Turkish-young-woman,Turkish-middle-aged-woman,Turkish-woman,Turkish-old-woman,Turkish-female,Turkish-female-model,Turkish-female-actor
Turkmen-baby-girl,Turkmen-Toddlerhood-girl,Turkmen-young-girl,Turkmen-girl,Turkmen-teenage-girl,Turkmen-young-woman,Turkmen-middle-aged-woman,Turkmen-woman,Turkmen-old-woman,Turkmen-female,Turkmen-female-model,Turkmen-female-actor
Turks and Caicos Islander-baby-girl,Turks and Caicos Islander-Toddlerhood-girl,Turks and Caicos Islander-young-girl,Turks and Caicos Islander-girl,Turks and Caicos Islander-teenage-girl,Turks and Caicos Islander-young-woman,Turks and Caicos Islander-middle-aged-woman,Turks and Caicos Islander-woman,Turks and Caicos Islander-old-woman,Turks and Caicos Islander-female,Turks and Caicos Islander-female-model,Turks and Caicos Islander-female-actor
Tuvaluan-baby-girl,Tuvaluan-Toddlerhood-girl,Tuvaluan-young-girl,Tuvaluan-girl,Tuvaluan-teenage-girl,Tuvaluan-young-woman,Tuvaluan-middle-aged-woman,Tuvaluan-woman,Tuvaluan-old-woman,Tuvaluan-female,Tuvaluan-female-model,Tuvaluan-female-actor
Ugandan-baby-girl,Ugandan-Toddlerhood-girl,Ugandan-young-girl,Ugandan-girl,Ugandan-teenage-girl,Ugandan-young-woman,Ugandan-middle-aged-woman,Ugandan-woman,Ugandan-old-woman,Ugandan-female,Ugandan-female-model,Ugandan-female-actor
Ukrainian-baby-girl,Ukrainian-Toddlerhood-girl,Ukrainian-young-girl,Ukrainian-girl,Ukrainian-teenage-girl,Ukrainian-young-woman,Ukrainian-middle-aged-woman,Ukrainian-woman,Ukrainian-old-woman,Ukrainian-female,Ukrainian-female-model,Ukrainian-female-actor
Uruguayan-baby-girl,Uruguayan-Toddlerhood-girl,Uruguayan-young-girl,Uruguayan-girl,Uruguayan-teenage-girl,Uruguayan-young-woman,Uruguayan-middle-aged-woman,Uruguayan-woman,Uruguayan-old-woman,Uruguayan-female,Uruguayan-female-model,Uruguayan-female-actor
Uzbek-baby-girl,Uzbek-Toddlerhood-girl,Uzbek-young-girl,Uzbek-girl,Uzbek-teenage-girl,Uzbek-young-woman,Uzbek-middle-aged-woman,Uzbek-woman,Uzbek-old-woman,Uzbek-female,Uzbek-female-model,Uzbek-female-actor
Vatican citizen-baby-girl,Vatican citizen-Toddlerhood-girl,Vatican citizen-young-girl,Vatican citizen-girl,Vatican citizen-teenage-girl,Vatican citizen-young-woman,Vatican citizen-middle-aged-woman,Vatican citizen-woman,Vatican citizen-old-woman,Vatican citizen-female,Vatican citizen-female-model,Vatican citizen-female-actor
Venezuelan-baby-girl,Venezuelan-Toddlerhood-girl,Venezuelan-young-girl,Venezuelan-girl,Venezuelan-teenage-girl,Venezuelan-young-woman,Venezuelan-middle-aged-woman,Venezuelan-woman,Venezuelan-old-woman,Venezuelan-female,Venezuelan-female-model,Venezuelan-female-actor
Vietnamese-baby-girl,Vietnamese-Toddlerhood-girl,Vietnamese-young-girl,Vietnamese-girl,Vietnamese-teenage-girl,Vietnamese-young-woman,Vietnamese-middle-aged-woman,Vietnamese-woman,Vietnamese-old-woman,Vietnamese-female,Vietnamese-female-model,Vietnamese-female-actor
Vincentian-baby-girl,Vincentian-Toddlerhood-girl,Vincentian-young-girl,Vincentian-girl,Vincentian-teenage-girl,Vincentian-young-woman,Vincentian-middle-aged-woman,Vincentian-woman,Vincentian-old-woman,Vincentian-female,Vincentian-female-model,Vincentian-female-actor
Wallisian-baby-girl,Wallisian-Toddlerhood-girl,Wallisian-young-girl,Wallisian-girl,Wallisian-teenage-girl,Wallisian-young-woman,Wallisian-middle-aged-woman,Wallisian-woman,Wallisian-old-woman,Wallisian-female,Wallisian-female-model,Wallisian-female-actor
Welsh-baby-girl,Welsh-Toddlerhood-girl,Welsh-young-girl,Welsh-girl,Welsh-teenage-girl,Welsh-young-woman,Welsh-middle-aged-woman,Welsh-woman,Welsh-old-woman,Welsh-female,Welsh-female-model,Welsh-female-actor
Yemeni-baby-girl,Yemeni-Toddlerhood-girl,Yemeni-young-girl,Yemeni-girl,Yemeni-teenage-girl,Yemeni-young-woman,Yemeni-middle-aged-woman,Yemeni-woman,Yemeni-old-woman,Yemeni-female,Yemeni-female-model,Yemeni-female-actor
Zambian-baby-girl,Zambian-Toddlerhood-girl,Zambian-young-girl,Zambian-girl,Zambian-teenage-girl,Zambian-young-woman,Zambian-middle-aged-woman,Zambian-woman,Zambian-old-woman,Zambian-female,Zambian-female-model,Zambian-female-actor
Zimbabwean-baby-girl,Zimbabwean-Toddlerhood-girl,Zimbabwean-young-girl,Zimbabwean-girl,Zimbabwean-teenage-girl,Zimbabwean-young-woman,Zimbabwean-middle-aged-woman,Zimbabwean-woman,Zimbabwean-old-woman,Zimbabwean-female,Zimbabwean-female-model,Zimbabwean-female-actor
